--PERSON rows:52
INSERT INTO IMDBPerson (ID, FIRSTNAME, LASTNAME,GENDER, BIRTHDATE,ISMATURE,ATTRIBUTE,AGE) VALUES (1,'Brian ','de forma','M',TO_DATE( '09/11/1940', 'MM-DD-YYYY' ),1,'Director', GET_AGE(TO_DATE( '09/11/1940', 'MM-DD-YYYY')));
INSERT INTO IMDBPerson (ID, FIRSTNAME, LASTNAME,GENDER, BIRTHDATE,ISMATURE,ATTRIBUTE,AGE) VALUES (2,'Martin ','Brest','M',TO_DATE( '08/08/1951', 'MM-DD-YYYY' ),1,'Director', GET_AGE(TO_DATE( '08/08/1951', 'MM-DD-YYYY')));
INSERT INTO IMDBPerson (ID, FIRSTNAME, LASTNAME,GENDER, BIRTHDATE,ISMATURE,ATTRIBUTE,AGE) VALUES (3,'Scarlett ','Johanson','F',TO_DATE( '11/22/1984', 'MM-DD-YYYY' ),1,'Actor', GET_AGE(TO_DATE( '11/22/1984', 'MM-DD-YYYY')));
INSERT INTO IMDBPerson (ID, FIRSTNAME, LASTNAME,GENDER, BIRTHDATE,ISMATURE,ATTRIBUTE,AGE) VALUES (4,'Luc ','Besson','F',TO_DATE( '05/30/1975', 'MM-DD-YYYY' ),1,'Director', GET_AGE(TO_DATE( '05/30/1975', 'MM-DD-YYYY')));
INSERT INTO IMDBPerson (ID, FIRSTNAME, LASTNAME,GENDER, BIRTHDATE,ISMATURE,ATTRIBUTE,AGE) VALUES (5,'Morgan ','Freeman','M',TO_DATE( '06/05/1953', 'MM-DD-YYYY' ),1,'Actor', GET_AGE(TO_DATE( '06/05/1953', 'MM-DD-YYYY')));
INSERT INTO IMDBPerson (ID, FIRSTNAME, LASTNAME,GENDER, BIRTHDATE,ISMATURE,ATTRIBUTE,AGE) VALUES (6,'Al ','Pacino','M',TO_DATE( '11/12/1956', 'MM-DD-YYYY' ),1,'Actor', GET_AGE(TO_DATE( '11/12/1956', 'MM-DD-YYYY')));
INSERT INTO IMDBPerson (ID, FIRSTNAME, LASTNAME,GENDER, BIRTHDATE,ISMATURE,ATTRIBUTE,AGE) VALUES (7,'Angelina ','Jolie','F',TO_DATE( '03/03/1970', 'MM-DD-YYYY' ),1,'Actor', GET_AGE(TO_DATE( '03/03/1970', 'MM-DD-YYYY')));
INSERT INTO IMDBPerson (ID, FIRSTNAME, LASTNAME,GENDER, BIRTHDATE,ISMATURE,ATTRIBUTE,AGE) VALUES (8,'Brad ','Pitt','M',TO_DATE( '04/04/1975', 'MM-DD-YYYY' ),1,'Actor', GET_AGE(TO_DATE( '04/04/1975', 'MM-DD-YYYY')));
INSERT INTO IMDBPerson (ID, FIRSTNAME, LASTNAME,GENDER, BIRTHDATE,ISMATURE,ATTRIBUTE,AGE) VALUES (9,'Tom ','Hanks','M',TO_DATE( '05/19/1964', 'MM-DD-YYYY' ),1,'Actor', GET_AGE(TO_DATE( '05/19/1964', 'MM-DD-YYYY')));
INSERT INTO IMDBPerson (ID, FIRSTNAME, LASTNAME,GENDER, BIRTHDATE,ISMATURE,ATTRIBUTE,AGE) VALUES (10,'Jessica ','Alba','F',TO_DATE( '08/07/1983', 'MM-DD-YYYY' ),1,'Actor', GET_AGE(TO_DATE( '08/07/1983', 'MM-DD-YYYY')));
INSERT INTO IMDBPerson (ID, FIRSTNAME, LASTNAME,GENDER, BIRTHDATE,ISMATURE,ATTRIBUTE,AGE) VALUES (11,'Catherine','Jones','F',TO_DATE( '09/29/1969', 'MM-DD-YYYY' ),1,'Actor', GET_AGE(TO_DATE( '09/29/1969', 'MM-DD-YYYY')));
INSERT INTO IMDBPerson (ID, FIRSTNAME, LASTNAME,GENDER, BIRTHDATE,ISMATURE,ATTRIBUTE,AGE) VALUES (12,'Alex ','Parish','F',TO_DATE( '07/09/1977', 'MM-DD-YYYY' ),1,'Actor', GET_AGE(TO_DATE( '07/09/1977', 'MM-DD-YYYY')));
INSERT INTO IMDBPerson (ID, FIRSTNAME, LASTNAME,GENDER, BIRTHDATE,ISMATURE,ATTRIBUTE,AGE) VALUES (13,'Leonardo','DiCaprio','M',TO_DATE( '11/11/1974', 'MM-DD-YYYY' ),1,'Actor', GET_AGE(TO_DATE( '11/11/1974', 'MM-DD-YYYY')));
INSERT INTO IMDBPerson (ID, FIRSTNAME, LASTNAME,GENDER, BIRTHDATE,ISMATURE,ATTRIBUTE,AGE) VALUES (14,'Tom ','Cruise','M',TO_DATE( '07/03/1962', 'MM-DD-YYYY' ),1,'Actor', GET_AGE(TO_DATE( '07/03/1962', 'MM-DD-YYYY')));
INSERT INTO IMDBPerson (ID, FIRSTNAME, LASTNAME,GENDER, BIRTHDATE,ISMATURE,ATTRIBUTE,AGE) VALUES (15,'Harrison ','Ford','M',TO_DATE( '09/11/1957', 'MM-DD-YYYY' ),1,'Actor', GET_AGE(TO_DATE( '09/11/1957', 'MM-DD-YYYY')));
INSERT INTO IMDBPerson (ID, FIRSTNAME, LASTNAME,GENDER, BIRTHDATE,ISMATURE,ATTRIBUTE,AGE) VALUES (16,'Julia ','Roberts','F',TO_DATE( '01/01/1967', 'MM-DD-YYYY' ),1,'Actor', GET_AGE(TO_DATE( '01/01/1967', 'MM-DD-YYYY')));
INSERT INTO IMDBPerson (ID, FIRSTNAME, LASTNAME,GENDER, BIRTHDATE,ISMATURE,ATTRIBUTE,AGE) VALUES (17,'Matt','Damon','M',TO_DATE( '01/07/1971', 'MM-DD-YYYY' ),1,'Actor', GET_AGE(TO_DATE( '01/07/1971', 'MM-DD-YYYY')));
INSERT INTO IMDBPerson (ID, FIRSTNAME, LASTNAME,GENDER, BIRTHDATE,ISMATURE,ATTRIBUTE,AGE) VALUES (18,'Jennifer','Lawrence','F',TO_DATE( '02/02/1962', 'MM-DD-YYYY' ),1,'Actor', GET_AGE(TO_DATE( '02/02/1962', 'MM-DD-YYYY')));
INSERT INTO IMDBPerson (ID, FIRSTNAME, LASTNAME,GENDER, BIRTHDATE,ISMATURE,ATTRIBUTE,AGE) VALUES (19,'George','clooney','M',TO_DATE( '03/03/1965', 'MM-DD-YYYY' ),1,'Actor', GET_AGE(TO_DATE( '03/03/1965', 'MM-DD-YYYY')));
INSERT INTO IMDBPerson (ID, FIRSTNAME, LASTNAME,GENDER, BIRTHDATE,ISMATURE,ATTRIBUTE,AGE) VALUES (20,'Samantha','Morton','F',TO_DATE( '05/03/1977', 'MM-DD-YYYY' ),1,'Actor', GET_AGE(TO_DATE( '05/03/1977', 'MM-DD-YYYY')));
INSERT INTO IMDBPerson (ID, FIRSTNAME, LASTNAME,GENDER, BIRTHDATE,ISMATURE,ATTRIBUTE,AGE) VALUES (21,'George','Lucas','M',TO_DATE( '05/14/1968', 'MM-DD-YYYY' ),1,'Director', GET_AGE(TO_DATE( '05/14/1968', 'MM-DD-YYYY')));
INSERT INTO IMDBPerson (ID, FIRSTNAME, LASTNAME,GENDER, BIRTHDATE,ISMATURE,ATTRIBUTE,AGE) VALUES (22,'Ewan','McGregor','M',TO_DATE( '03/31/1968', 'MM-DD-YYYY' ),1,'Actor', GET_AGE(TO_DATE( '03/31/1968', 'MM-DD-YYYY')));
INSERT INTO IMDBPerson (ID, FIRSTNAME, LASTNAME,GENDER, BIRTHDATE,ISMATURE,ATTRIBUTE,AGE) VALUES (23,'Hayden','Christensen','M',TO_DATE( '04/19/1981', 'MM-DD-YYYY' ),1,'Actor', GET_AGE(TO_DATE( '04/19/1981', 'MM-DD-YYYY')));
INSERT INTO IMDBPerson (ID, FIRSTNAME, LASTNAME,GENDER, BIRTHDATE,ISMATURE,ATTRIBUTE,AGE) VALUES (24,'Liam','Neeson','M',TO_DATE( '06/07/1968', 'MM-DD-YYYY' ),1,'Actor', GET_AGE(TO_DATE( '06/07/1968', 'MM-DD-YYYY')));
INSERT INTO IMDBPerson (ID, FIRSTNAME, LASTNAME,GENDER, BIRTHDATE,ISMATURE,ATTRIBUTE,AGE) VALUES (25,'Natalie','Portman','F',TO_DATE( '05/14/1968', 'MM-DD-YYYY' ),1,'Actor', GET_AGE(TO_DATE( '05/14/1968', 'MM-DD-YYYY')));
INSERT INTO IMDBPerson (ID, FIRSTNAME, LASTNAME,GENDER, BIRTHDATE,ISMATURE,ATTRIBUTE,AGE) VALUES (26,'J.J.','Abrams','M',TO_DATE( '06/27/1966', 'MM-DD-YYYY' ),1,'Director', GET_AGE(TO_DATE( '06/27/1966', 'MM-DD-YYYY')));
INSERT INTO IMDBPerson (ID, FIRSTNAME, LASTNAME,GENDER, BIRTHDATE,ISMATURE,ATTRIBUTE,AGE) VALUES (27,'Daisy','Ridley','F',TO_DATE( '04/10/1992', 'MM-DD-YYYY' ),1,'Actor', GET_AGE(TO_DATE( '04/10/1992', 'MM-DD-YYYY')));
INSERT INTO IMDBPerson (ID, FIRSTNAME, LASTNAME,GENDER, BIRTHDATE,ISMATURE,ATTRIBUTE,AGE) VALUES (28,'John','Boyega','M',TO_DATE( '03/17/1992', 'MM-DD-YYYY' ),1,'Actor', GET_AGE(TO_DATE( '03/17/1992', 'MM-DD-YYYY')));
INSERT INTO IMDBPerson (ID, FIRSTNAME, LASTNAME,GENDER, BIRTHDATE,ISMATURE,ATTRIBUTE,AGE) VALUES (29,'Oscar','Isaac','M',TO_DATE( '03/09/1979', 'MM-DD-YYYY' ),1,'Actor', GET_AGE(TO_DATE( '03/09/1979', 'MM-DD-YYYY')));
INSERT INTO IMDBPerson (ID, FIRSTNAME, LASTNAME,GENDER, BIRTHDATE,ISMATURE,ATTRIBUTE,AGE) VALUES (30,'Barry','Jenkins','M',TO_DATE( '11/19/1979', 'MM-DD-YYYY' ),1,'Director', GET_AGE(TO_DATE( '11/19/1979', 'MM-DD-YYYY')));
INSERT INTO IMDBPerson (ID, FIRSTNAME, LASTNAME,GENDER, BIRTHDATE,ISMATURE,ATTRIBUTE,AGE) VALUES (31,'Mahershala','Ali','M',TO_DATE( '02/16/1974', 'MM-DD-YYYY' ),1,'Actor', GET_AGE(TO_DATE( '02/16/1974', 'MM-DD-YYYY')));
INSERT INTO IMDBPerson (ID, FIRSTNAME, LASTNAME,GENDER, BIRTHDATE,ISMATURE,ATTRIBUTE,AGE) VALUES (32,'Steven','Spielberg','M',TO_DATE( '12/18/1946', 'MM-DD-YYYY' ),1,'Director', GET_AGE(TO_DATE( '12/18/1946', 'MM-DD-YYYY')));
INSERT INTO IMDBPerson (ID, FIRSTNAME, LASTNAME,GENDER, BIRTHDATE,ISMATURE,ATTRIBUTE,AGE) VALUES (33,'Cate','Blanchett','F',TO_DATE( '05/14/1969', 'MM-DD-YYYY' ),1,'Actor', GET_AGE(TO_DATE( '05/14/1969', 'MM-DD-YYYY')));
INSERT INTO IMDBPerson (ID, FIRSTNAME, LASTNAME,GENDER, BIRTHDATE,ISMATURE,ATTRIBUTE,AGE) VALUES (34,'Harrison ','Ford','M',TO_DATE( '07/13/1942', 'MM-DD-YYYY' ),1,'Actor', GET_AGE(TO_DATE( '07/13/1942', 'MM-DD-YYYY')));
INSERT INTO IMDBPerson (ID, FIRSTNAME, LASTNAME,GENDER, BIRTHDATE,ISMATURE,ATTRIBUTE,AGE) VALUES (35,'Sean','Connery','M',TO_DATE( '08/25/1930', 'MM-DD-YYYY' ),1,'Actor', GET_AGE(TO_DATE( '08/25/1930', 'MM-DD-YYYY')));
INSERT INTO IMDBPerson (ID, FIRSTNAME, LASTNAME,GENDER, BIRTHDATE,ISMATURE,ATTRIBUTE,AGE) VALUES (36,'Kate','Capshaw','F',TO_DATE( '11/03/1953', 'MM-DD-YYYY' ),1,'Actor', GET_AGE(TO_DATE( '11/03/1953', 'MM-DD-YYYY')));
INSERT INTO IMDBPerson (ID, FIRSTNAME, LASTNAME,GENDER, BIRTHDATE,ISMATURE,ATTRIBUTE,AGE) VALUES (37,'Ralph','Fiennes','M',TO_DATE( '12/22/1962', 'MM-DD-YYYY' ),1,'Actor', GET_AGE(TO_DATE( '12/22/1962', 'MM-DD-YYYY')));
INSERT INTO IMDBPerson (ID, FIRSTNAME, LASTNAME,GENDER, BIRTHDATE,ISMATURE,ATTRIBUTE,AGE) VALUES (38,'Teresa','Palmer','F',TO_DATE( '02/26/1986', 'MM-DD-YYYY' ),1,'Actor', GET_AGE(TO_DATE( '02/26/1986', 'MM-DD-YYYY')));
INSERT INTO IMDBPerson (ID, FIRSTNAME, LASTNAME,GENDER, BIRTHDATE,ISMATURE,ATTRIBUTE,AGE) VALUES (39,'Gabriel','Bateman','F',TO_DATE( '09/10/2004', 'MM-DD-YYYY' ),1,'Actor', GET_AGE(TO_DATE( '09/10/2004', 'MM-DD-YYYY')));
INSERT INTO IMDBPerson (ID, FIRSTNAME, LASTNAME,GENDER, BIRTHDATE,ISMATURE,ATTRIBUTE,AGE) VALUES (40,'Daniel','Day-Lewis','M',TO_DATE( '04/19/1957', 'MM-DD-YYYY' ),1,'Actor', GET_AGE(TO_DATE( '04/19/1957', 'MM-DD-YYYY')));
INSERT INTO IMDBPerson (ID, FIRSTNAME, LASTNAME,GENDER, BIRTHDATE,ISMATURE,ATTRIBUTE,AGE) VALUES (41,'Jeremy','Irvine','M',TO_DATE( '04/19/1990', 'MM-DD-YYYY' ),1,'Actor', GET_AGE(TO_DATE( '04/19/1990', 'MM-DD-YYYY')));
INSERT INTO IMDBPerson (ID, FIRSTNAME, LASTNAME,GENDER, BIRTHDATE,ISMATURE,ATTRIBUTE,AGE) VALUES (42,'Emily','Watson','F',TO_DATE( '01/14/1967', 'MM-DD-YYYY' ),1,'Actor', GET_AGE(TO_DATE( '01/14/1967', 'MM-DD-YYYY')));
INSERT INTO IMDBPerson (ID, FIRSTNAME, LASTNAME,GENDER, BIRTHDATE,ISMATURE,ATTRIBUTE,AGE) VALUES (43,'Jamie','Bell','M',TO_DATE( '03/14/1986', 'MM-DD-YYYY' ),1,'Actor', GET_AGE(TO_DATE( '03/14/1986', 'MM-DD-YYYY')));
INSERT INTO IMDBPerson (ID, FIRSTNAME, LASTNAME,GENDER, BIRTHDATE,ISMATURE,ATTRIBUTE,AGE) VALUES (44,'Andy','Serkis','M',TO_DATE( '04/20/1964', 'MM-DD-YYYY' ),1,'Actor', GET_AGE(TO_DATE( '04/20/1964', 'MM-DD-YYYY')));
INSERT INTO IMDBPerson (ID, FIRSTNAME, LASTNAME,GENDER, BIRTHDATE,ISMATURE,ATTRIBUTE,AGE) VALUES (45,'Roy','Scheider','M',TO_DATE( '11/10/1932', 'MM-DD-YYYY' ),1,'Actor', GET_AGE(TO_DATE( '11/10/1932', 'MM-DD-YYYY')));
INSERT INTO IMDBPerson (ID, FIRSTNAME, LASTNAME,GENDER, BIRTHDATE,ISMATURE,ATTRIBUTE,AGE) VALUES (46,'Robert','Shaw','M',TO_DATE( '07/09/1927', 'MM-DD-YYYY' ),1,'Actor', GET_AGE(TO_DATE( '07/09/1927', 'MM-DD-YYYY')));
INSERT INTO IMDBPerson (ID, FIRSTNAME, LASTNAME,GENDER, BIRTHDATE,ISMATURE,ATTRIBUTE,AGE) VALUES (47,'Tom','Smothers','M',TO_DATE( '02/02/1937', 'MM-DD-YYYY' ),1,'Actor', GET_AGE(TO_DATE( '02/02/1937', 'MM-DD-YYYY')));
INSERT INTO IMDBPerson (ID, FIRSTNAME, LASTNAME,GENDER, BIRTHDATE,ISMATURE,ATTRIBUTE,AGE) VALUES (48,'John','Astin','M',TO_DATE( '03/30/1930', 'MM-DD-YYYY' ),1,'Actor', GET_AGE(TO_DATE( '03/30/1930', 'MM-DD-YYYY')));
INSERT INTO IMDBPerson (ID, FIRSTNAME, LASTNAME,GENDER, BIRTHDATE,ISMATURE,ATTRIBUTE,AGE) VALUES (49,'Danny','DeVito','M',TO_DATE( '11/17/1944', 'MM-DD-YYYY' ),1,'Actor', GET_AGE(TO_DATE( '11/17/1944', 'MM-DD-YYYY')));
INSERT INTO IMDBPerson (ID, FIRSTNAME, LASTNAME,GENDER, BIRTHDATE,ISMATURE,ATTRIBUTE,AGE) VALUES (50,'Joe','Piscopo','M',TO_DATE( '06/17/1951', 'MM-DD-YYYY' ),1,'Actor', GET_AGE(TO_DATE( '06/17/1951', 'MM-DD-YYYY')));
INSERT INTO IMDBPerson (ID, FIRSTNAME, LASTNAME,GENDER, BIRTHDATE,ISMATURE,ATTRIBUTE,AGE) VALUES (51,'Mia','Farrow','F',TO_DATE( '02/09/1942', 'MM-DD-YYYY' ),1,'Actor', GET_AGE(TO_DATE( '02/09/1942', 'MM-DD-YYYY')));
INSERT INTO IMDBPerson (ID, FIRSTNAME, LASTNAME,GENDER, BIRTHDATE,ISMATURE,ATTRIBUTE,AGE) VALUES (52,'Freddie','Highmore','M',TO_DATE( '02/14/1992', 'MM-DD-YYYY' ),1,'Actor', GET_AGE(TO_DATE( '02/14/1992', 'MM-DD-YYYY')));
--IMDB_USER rows:12
INSERT INTO IMDBUser (IMDBID, EMAIL, FIRSTNAME, LASTNAME,GENDER, BIRTHDATE,BIRTHPLACE,AGE) VALUES (1,'john@yahoo.com','John','Smith','M',TO_DATE( '10/05/1995', 'MM-DD-YYYY' ),'FL', GET_AGE(TO_DATE( '10/05/1995', 'MM-DD-YYYY')));
INSERT INTO IMDBUser (IMDBID, EMAIL, FIRSTNAME, LASTNAME,GENDER, BIRTHDATE,BIRTHPLACE,AGE) VALUES (2,'juan@gmail.com','Juan','Carlos','M',TO_DATE( '04/12/1994', 'MM-DD-YYYY' ),'AK', GET_AGE(TO_DATE( '04/12/1994', 'MM-DD-YYYY')));
INSERT INTO IMDBUser (IMDBID, EMAIL, FIRSTNAME, LASTNAME,GENDER, BIRTHDATE,BIRTHPLACE,AGE) VALUES (3,'Jane@gmail.com','Jane','Chapel','F',TO_DATE( '11/02/1993', 'MM-DD-YYYY' ),'IL', GET_AGE(TO_DATE( '11/02/1993', 'MM-DD-YYYY')));
INSERT INTO IMDBUser (IMDBID, EMAIL, FIRSTNAME, LASTNAME,GENDER, BIRTHDATE,BIRTHPLACE,AGE) VALUES (4,'adi@yahoo.com','Aditya','Awasthi','M',TO_DATE( '12/12/1992', 'MM-DD-YYYY' ),'CA', GET_AGE(TO_DATE( '12/12/1992', 'MM-DD-YYYY')));
INSERT INTO IMDBUser (IMDBID, EMAIL, FIRSTNAME, LASTNAME,GENDER, BIRTHDATE,BIRTHPLACE,AGE) VALUES (5,'james@hotmail.com','James','Williams','M',TO_DATE( '05/05/1991', 'MM-DD-YYYY' ),'NY', GET_AGE(TO_DATE( '05/05/1991', 'MM-DD-YYYY')));
INSERT INTO IMDBUser (IMDBID, EMAIL, FIRSTNAME, LASTNAME,GENDER, BIRTHDATE,BIRTHPLACE,AGE) VALUES (6,'mike@yahoo.com','Mike','Brown','M',TO_DATE( '03/01/1988', 'MM-DD-YYYY' ),'NC', GET_AGE(TO_DATE( '03/01/1988', 'MM-DD-YYYY')));
INSERT INTO IMDBUser (IMDBID, EMAIL, FIRSTNAME, LASTNAME,GENDER, BIRTHDATE,BIRTHPLACE,AGE) VALUES (7,'bob@yahoo.com','Bob','Jones','M',TO_DATE( '02/07/1988', 'MM-DD-YYYY' ),'NY ', GET_AGE(TO_DATE( '02/07/1988', 'MM-DD-YYYY')));
INSERT INTO IMDBUser (IMDBID, EMAIL, FIRSTNAME, LASTNAME,GENDER, BIRTHDATE,BIRTHPLACE,AGE) VALUES (8,'wei@gmail.com','Wei','Zhang','F',TO_DATE( '08/12/1985', 'MM-DD-YYYY' ),'NV', GET_AGE(TO_DATE( '08/12/1985', 'MM-DD-YYYY')));
INSERT INTO IMDBUser (IMDBID, EMAIL, FIRSTNAME, LASTNAME,GENDER, BIRTHDATE,BIRTHPLACE,AGE) VALUES (9,'mark@gmail.com','Mark','Davis','M',TO_DATE( '05/10/1984', 'MM-DD-YYYY' ),'CA', GET_AGE(TO_DATE( '05/10/1984', 'MM-DD-YYYY')));
INSERT INTO IMDBUser (IMDBID, EMAIL, FIRSTNAME, LASTNAME,GENDER, BIRTHDATE,BIRTHPLACE,AGE) VALUES (10,'daniel@yahoo.com','Daniel','Garcia','M',TO_DATE( '06/01/1980', 'MM-DD-YYYY' ),'NJ', GET_AGE(TO_DATE( '06/01/1980', 'MM-DD-YYYY')));
INSERT INTO IMDBUser (IMDBID, EMAIL, FIRSTNAME, LASTNAME,GENDER, BIRTHDATE,BIRTHPLACE,AGE) VALUES (11,'maria@hotmail.com','Maria','Rodriguez','F',TO_DATE( '03/18/1975', 'MM-DD-YYYY' ),'CA', GET_AGE(TO_DATE( '03/18/1975', 'MM-DD-YYYY')));
INSERT INTO IMDBUser (IMDBID, EMAIL, FIRSTNAME, LASTNAME,GENDER, BIRTHDATE,BIRTHPLACE,AGE) VALUES (12,'freya@yahoo.com','Freya','Wilson','F',TO_DATE( '02/19/1970', 'MM-DD-YYYY' ),'NJ', GET_AGE(TO_DATE( '02/19/1970', 'MM-DD-YYYY')));
--ProductionCompany rows:10
INSERT INTO PRODUCTIONCOMPANY (NAME) VALUES ('company0');
INSERT INTO PRODUCTIONCOMPANY (NAME) VALUES ('company1');
INSERT INTO PRODUCTIONCOMPANY (NAME) VALUES ('company2');
INSERT INTO PRODUCTIONCOMPANY (NAME) VALUES ('company3');
INSERT INTO PRODUCTIONCOMPANY (NAME) VALUES ('company4');
INSERT INTO PRODUCTIONCOMPANY (NAME) VALUES ('company5');
INSERT INTO PRODUCTIONCOMPANY (NAME) VALUES ('company6');
INSERT INTO PRODUCTIONCOMPANY (NAME) VALUES ('company7');
INSERT INTO PRODUCTIONCOMPANY (NAME) VALUES ('company8');
INSERT INTO PRODUCTIONCOMPANY (NAME) VALUES ('company9');
--MOVIE rows:39
INSERT INTO Movie (SERIALNUMBER, TITLE, RELEASEDYEAR, DIRECTORID, PRODUCTIONCOST,PRODUCTIONCOMPANYNAME,CONSTRACTNUMBER) VALUES (1,'Scarface',1988,1,2033425879,'company2',5279492796);
INSERT INTO Movie (SERIALNUMBER, TITLE, RELEASEDYEAR, DIRECTORID, PRODUCTIONCOST,PRODUCTIONCOMPANYNAME,CONSTRACTNUMBER) VALUES (2,'Scent of a women',1995,2,5996068998,'company2',3086311265);
INSERT INTO Movie (SERIALNUMBER, TITLE, RELEASEDYEAR, DIRECTORID, PRODUCTIONCOST,PRODUCTIONCOMPANYNAME,CONSTRACTNUMBER) VALUES (3,'My big fat greek wedding',2000,4,5047186818,'company0',9016944415);
INSERT INTO Movie (SERIALNUMBER, TITLE, RELEASEDYEAR, DIRECTORID, PRODUCTIONCOST,PRODUCTIONCOMPANYNAME,CONSTRACTNUMBER) VALUES (4,'Star Wars: The Force Awakens',2015,21,412334287,'company7',7792739930);
INSERT INTO Movie (SERIALNUMBER, TITLE, RELEASEDYEAR, DIRECTORID, PRODUCTIONCOST,PRODUCTIONCOMPANYNAME,CONSTRACTNUMBER) VALUES (5,'Mr. and Mrs Smith',1965,1,423499216,'company7',8071206719);
INSERT INTO Movie (SERIALNUMBER, TITLE, RELEASEDYEAR, DIRECTORID, PRODUCTIONCOST,PRODUCTIONCOMPANYNAME,CONSTRACTNUMBER) VALUES (6,'Star Wars: Episode III - Revenge of the Sith ',2013,21,6043874049,'company1',3415573991);
INSERT INTO Movie (SERIALNUMBER, TITLE, RELEASEDYEAR, DIRECTORID, PRODUCTIONCOST,PRODUCTIONCOMPANYNAME,CONSTRACTNUMBER) VALUES (7,'Barely Lethal',2014,4,2582996956,'company4',4275633323);
INSERT INTO Movie (SERIALNUMBER, TITLE, RELEASEDYEAR, DIRECTORID, PRODUCTIONCOST,PRODUCTIONCOMPANYNAME,CONSTRACTNUMBER) VALUES (8,'The Man with one red shoe',1984,1,392142293,'company8',4973183535);
INSERT INTO Movie (SERIALNUMBER, TITLE, RELEASEDYEAR, DIRECTORID, PRODUCTIONCOST,PRODUCTIONCOMPANYNAME,CONSTRACTNUMBER) VALUES (9,'The Polar Express',2010,2,5695633153,'company3',8061668256);
INSERT INTO Movie (SERIALNUMBER, TITLE, RELEASEDYEAR, DIRECTORID, PRODUCTIONCOST,PRODUCTIONCOMPANYNAME,CONSTRACTNUMBER) VALUES (10,'Her',2013,2,6425182176,'company5',1234688519);
INSERT INTO Movie (SERIALNUMBER, TITLE, RELEASEDYEAR, DIRECTORID, PRODUCTIONCOST,PRODUCTIONCOMPANYNAME,CONSTRACTNUMBER) VALUES (11,'Star Wars: Episode I - The Phantom Menace',1999,21,2008319865,'company0',7190191401);
INSERT INTO Movie (SERIALNUMBER, TITLE, RELEASEDYEAR, DIRECTORID, PRODUCTIONCOST,PRODUCTIONCOMPANYNAME,CONSTRACTNUMBER) VALUES (12,'The Da Vinci Code',2005,4,5422405300,'company5',8106372654);
INSERT INTO Movie (SERIALNUMBER, TITLE, RELEASEDYEAR, DIRECTORID, PRODUCTIONCOST,PRODUCTIONCOMPANYNAME,CONSTRACTNUMBER) VALUES (13,'The God Father part II',1975,1,2723652227,'company2',4352989574);
INSERT INTO Movie (SERIALNUMBER, TITLE, RELEASEDYEAR, DIRECTORID, PRODUCTIONCOST,PRODUCTIONCOMPANYNAME,CONSTRACTNUMBER) VALUES (15,'Angels and Daemons',2009,2,7588673414,'company7',7384833180);
INSERT INTO Movie (SERIALNUMBER, TITLE, RELEASEDYEAR, DIRECTORID, PRODUCTIONCOST,PRODUCTIONCOMPANYNAME,CONSTRACTNUMBER) VALUES (16,'The Island',2010,4,687938786,'company0',2911992630);
INSERT INTO Movie (SERIALNUMBER, TITLE, RELEASEDYEAR, DIRECTORID, PRODUCTIONCOST,PRODUCTIONCOMPANYNAME,CONSTRACTNUMBER) VALUES (17,'Moonlight',2016,30,8837110311,'company1',5778152002);
INSERT INTO Movie (SERIALNUMBER, TITLE, RELEASEDYEAR, DIRECTORID, PRODUCTIONCOST,PRODUCTIONCOMPANYNAME,CONSTRACTNUMBER) VALUES (18,'Indiana Jones and the Kingdom of the Crystal Skull',2008,32,6931067689,'company0',1993402977);
INSERT INTO Movie (SERIALNUMBER, TITLE, RELEASEDYEAR, DIRECTORID, PRODUCTIONCOST,PRODUCTIONCOMPANYNAME,CONSTRACTNUMBER) VALUES (19,'Indiana Jones and the Last Crusade',1989,32,3684146062,'company7',7760655497);
INSERT INTO Movie (SERIALNUMBER, TITLE, RELEASEDYEAR, DIRECTORID, PRODUCTIONCOST,PRODUCTIONCOMPANYNAME,CONSTRACTNUMBER) VALUES (20,'Indiana Jones and the Temple of Doom',1984,32,1816674467,'company6',4403007210);
INSERT INTO Movie (SERIALNUMBER, TITLE, RELEASEDYEAR, DIRECTORID, PRODUCTIONCOST,PRODUCTIONCOMPANYNAME,CONSTRACTNUMBER) VALUES (21,'Star Wars: Episode II - Attack of the Clones',2002,21,2159534924,'company8',7326667821);
INSERT INTO Movie (SERIALNUMBER, TITLE, RELEASEDYEAR, DIRECTORID, PRODUCTIONCOST,PRODUCTIONCOMPANYNAME,CONSTRACTNUMBER) VALUES (22,'The Terminal ',2004,32,1348299587,'company2',2558840149);
INSERT INTO Movie (SERIALNUMBER, TITLE, RELEASEDYEAR, DIRECTORID, PRODUCTIONCOST,PRODUCTIONCOMPANYNAME,CONSTRACTNUMBER) VALUES (23,'Catch me if you can ',2002,32,7749613182,'company2',3187096891);
INSERT INTO Movie (SERIALNUMBER, TITLE, RELEASEDYEAR, DIRECTORID, PRODUCTIONCOST,PRODUCTIONCOMPANYNAME,CONSTRACTNUMBER) VALUES (24,'Minority Report ',2002,32,3501562268,'company0',3515989278);
INSERT INTO Movie (SERIALNUMBER, TITLE, RELEASEDYEAR, DIRECTORID, PRODUCTIONCOST,PRODUCTIONCOMPANYNAME,CONSTRACTNUMBER) VALUES (25,'Saving Private Ryan',1998,32,3758900871,'company5',7551063843);
INSERT INTO Movie (SERIALNUMBER, TITLE, RELEASEDYEAR, DIRECTORID, PRODUCTIONCOST,PRODUCTIONCOMPANYNAME,CONSTRACTNUMBER) VALUES (26,'Schindlerˋs List',1993,32,1868840754,'company8',1365713444);
INSERT INTO Movie (SERIALNUMBER, TITLE, RELEASEDYEAR, DIRECTORID, PRODUCTIONCOST,PRODUCTIONCOMPANYNAME,CONSTRACTNUMBER) VALUES (27,'Get To Know Your Rabbit',1972,1,9924649189,'company5',7158827782);
INSERT INTO Movie (SERIALNUMBER, TITLE, RELEASEDYEAR, DIRECTORID, PRODUCTIONCOST,PRODUCTIONCOMPANYNAME,CONSTRACTNUMBER) VALUES (28,'Lights Out ',2016,1,684728744,'company0',3672523627);
INSERT INTO Movie (SERIALNUMBER, TITLE, RELEASEDYEAR, DIRECTORID, PRODUCTIONCOST,PRODUCTIONCOMPANYNAME,CONSTRACTNUMBER) VALUES (29,'Lucy',2014,4,8257595993,'company2',5229894509);
INSERT INTO Movie (SERIALNUMBER, TITLE, RELEASEDYEAR, DIRECTORID, PRODUCTIONCOST,PRODUCTIONCOMPANYNAME,CONSTRACTNUMBER) VALUES (30,'Arthur and the Invisibles ',2006,4,9222513227,'company0',7849805655);
INSERT INTO Movie (SERIALNUMBER, TITLE, RELEASEDYEAR, DIRECTORID, PRODUCTIONCOST,PRODUCTIONCOMPANYNAME,CONSTRACTNUMBER) VALUES (31,'The Big Blue',1988,4,1921966157,'company2',1114662007);
INSERT INTO Movie (SERIALNUMBER, TITLE, RELEASEDYEAR, DIRECTORID, PRODUCTIONCOST,PRODUCTIONCOMPANYNAME,CONSTRACTNUMBER) VALUES (32,'Wise Guys',1986,1,4105992096,'company5',5212280412);
INSERT INTO Movie (SERIALNUMBER, TITLE, RELEASEDYEAR, DIRECTORID, PRODUCTIONCOST,PRODUCTIONCOMPANYNAME,CONSTRACTNUMBER) VALUES (33,'The Black Dahlia',2006,1,8064791921,'company9',3728418215);
INSERT INTO Movie (SERIALNUMBER, TITLE, RELEASEDYEAR, DIRECTORID, PRODUCTIONCOST,PRODUCTIONCOMPANYNAME,CONSTRACTNUMBER) VALUES (34,'Mission: Impossible',1996,1,2949389556,'company9',1820584550);
INSERT INTO Movie (SERIALNUMBER, TITLE, RELEASEDYEAR, DIRECTORID, PRODUCTIONCOST,PRODUCTIONCOMPANYNAME,CONSTRACTNUMBER) VALUES (35,'Arthur and the Invisibles: The Making of the Yearˋs Greatest Adventure',2007,4,5238628869,'company8',8681613899);
INSERT INTO Movie (SERIALNUMBER, TITLE, RELEASEDYEAR, DIRECTORID, PRODUCTIONCOST,PRODUCTIONCOMPANYNAME,CONSTRACTNUMBER) VALUES (36,'Arthur 3: The War of the Two Worlds',2010,4,9978260327,'company5',6024362775);
INSERT INTO Movie (SERIALNUMBER, TITLE, RELEASEDYEAR, DIRECTORID, PRODUCTIONCOST,PRODUCTIONCOMPANYNAME,CONSTRACTNUMBER) VALUES (37,'Arthur and the Revenge of Maltazard ',2009,4,2567962593,'company4',7324886758);
INSERT INTO Movie (SERIALNUMBER, TITLE, RELEASEDYEAR, DIRECTORID, PRODUCTIONCOST,PRODUCTIONCOMPANYNAME,CONSTRACTNUMBER) VALUES (38,'The adventures of Tintin',2011,32,3065623428,'company2',4081092274);
INSERT INTO Movie (SERIALNUMBER, TITLE, RELEASEDYEAR, DIRECTORID, PRODUCTIONCOST,PRODUCTIONCOMPANYNAME,CONSTRACTNUMBER) VALUES (39,'War Horse',2011,32,828303659,'company1',7523531773);
INSERT INTO Movie (SERIALNUMBER, TITLE, RELEASEDYEAR, DIRECTORID, PRODUCTIONCOST,PRODUCTIONCOMPANYNAME,CONSTRACTNUMBER) VALUES (40,'Lincoln',2012,32,9143166514,'company9',9588217288);
--Genre rows:50
INSERT INTO Genre (MOVIEID, Genre) VALUES (1,'Action');
INSERT INTO Genre (MOVIEID, Genre) VALUES (2,'Action');
INSERT INTO Genre (MOVIEID, Genre) VALUES (2,'Comedy');
INSERT INTO Genre (MOVIEID, Genre) VALUES (3,'Comedy');
INSERT INTO Genre (MOVIEID, Genre) VALUES (3,'Drama');
INSERT INTO Genre (MOVIEID, Genre) VALUES (4,'Action');
INSERT INTO Genre (MOVIEID, Genre) VALUES (5,'Comedy');
INSERT INTO Genre (MOVIEID, Genre) VALUES (5,'Action');
INSERT INTO Genre (MOVIEID, Genre) VALUES (6,'Action');
INSERT INTO Genre (MOVIEID, Genre) VALUES (7,'Action');
INSERT INTO Genre (MOVIEID, Genre) VALUES (8,'comedy');
INSERT INTO Genre (MOVIEID, Genre) VALUES (9,'comedy');
INSERT INTO Genre (MOVIEID, Genre) VALUES (10,'Drama');
INSERT INTO Genre (MOVIEID, Genre) VALUES (11,'Action');
INSERT INTO Genre (MOVIEID, Genre) VALUES (12,'Action');
INSERT INTO Genre (MOVIEID, Genre) VALUES (12,'Drama');
INSERT INTO Genre (MOVIEID, Genre) VALUES (13,'Action');
INSERT INTO Genre (MOVIEID, Genre) VALUES (13,'Drama');
INSERT INTO Genre (MOVIEID, Genre) VALUES (15,'Action');
INSERT INTO Genre (MOVIEID, Genre) VALUES (15,'Drama');
INSERT INTO Genre (MOVIEID, Genre) VALUES (16,'Action');
INSERT INTO Genre (MOVIEID, Genre) VALUES (16,'Comedy');
INSERT INTO Genre (MOVIEID, Genre) VALUES (17,'Drama');
INSERT INTO Genre (MOVIEID, Genre) VALUES (18,'Action');
INSERT INTO Genre (MOVIEID, Genre) VALUES (19,'Action');
INSERT INTO Genre (MOVIEID, Genre) VALUES (20,'Action');
INSERT INTO Genre (MOVIEID, Genre) VALUES (21,'Action');
INSERT INTO Genre (MOVIEID, Genre) VALUES (22,'Comedy');
INSERT INTO Genre (MOVIEID, Genre) VALUES (23,'Action');
INSERT INTO Genre (MOVIEID, Genre) VALUES (24,'Action');
INSERT INTO Genre (MOVIEID, Genre) VALUES (25,'Action');
INSERT INTO Genre (MOVIEID, Genre) VALUES (26,'Drama');
INSERT INTO Genre (MOVIEID, Genre) VALUES (26,'Action');
INSERT INTO Genre (MOVIEID, Genre) VALUES (27,'Comedy');
INSERT INTO Genre (MOVIEID, Genre) VALUES (27,'Drama');
INSERT INTO Genre (MOVIEID, Genre) VALUES (28,'Drama');
INSERT INTO Genre (MOVIEID, Genre) VALUES (29,'Action');
INSERT INTO Genre (MOVIEID, Genre) VALUES (30,'Comedy');
INSERT INTO Genre (MOVIEID, Genre) VALUES (31,'Drama');
INSERT INTO Genre (MOVIEID, Genre) VALUES (32,'Comedy');
INSERT INTO Genre (MOVIEID, Genre) VALUES (33,'Drama');
INSERT INTO Genre (MOVIEID, Genre) VALUES (34,'Action');
INSERT INTO Genre (MOVIEID, Genre) VALUES (35,'Comedy');
INSERT INTO Genre (MOVIEID, Genre) VALUES (36,'Comedy');
INSERT INTO Genre (MOVIEID, Genre) VALUES (37,'Comedy');
INSERT INTO Genre (MOVIEID, Genre) VALUES (38,'Drama');
INSERT INTO Genre (MOVIEID, Genre) VALUES (38,'Comedy');
INSERT INTO Genre (MOVIEID, Genre) VALUES (39,'Drama');
INSERT INTO Genre (MOVIEID, Genre) VALUES (39,'Comedy');
INSERT INTO Genre (MOVIEID, Genre) VALUES (40,'Drama');
--ActorList rows:83
INSERT INTO MovieActor (MOVIEID, ActorID) VALUES (1,5);
INSERT INTO MovieActor (MOVIEID, ActorID) VALUES (1, 6);
INSERT INTO MovieActor (MOVIEID, ActorID) VALUES (2,5);
INSERT INTO MovieActor (MOVIEID, ActorID) VALUES (2, 6);
INSERT INTO MovieActor (MOVIEID, ActorID) VALUES (3,9);
INSERT INTO MovieActor (MOVIEID, ActorID) VALUES (3,7);
INSERT INTO MovieActor (MOVIEID, ActorID) VALUES (4,27);
INSERT INTO MovieActor (MOVIEID, ActorID) VALUES (4, 28);
INSERT INTO MovieActor (MOVIEID, ActorID) VALUES (4, 29);
INSERT INTO MovieActor (MOVIEID, ActorID) VALUES (5,7);
INSERT INTO MovieActor (MOVIEID, ActorID) VALUES (5,8);
INSERT INTO MovieActor (MOVIEID, ActorID) VALUES (5,5);
INSERT INTO MovieActor (MOVIEID, ActorID) VALUES (6,23);
INSERT INTO MovieActor (MOVIEID, ActorID) VALUES (6, 25);
INSERT INTO MovieActor (MOVIEID, ActorID) VALUES (6,22);
INSERT INTO MovieActor (MOVIEID, ActorID) VALUES (7,10);
INSERT INTO MovieActor (MOVIEID, ActorID) VALUES (7,5);
INSERT INTO MovieActor (MOVIEID, ActorID) VALUES (8,9);
INSERT INTO MovieActor (MOVIEID, ActorID) VALUES (8,10);
INSERT INTO MovieActor (MOVIEID, ActorID) VALUES (9,9);
INSERT INTO MovieActor (MOVIEID, ActorID) VALUES (9, 17);
INSERT INTO MovieActor (MOVIEID, ActorID) VALUES (9, 19);
INSERT INTO MovieActor (MOVIEID, ActorID) VALUES (10,3);
INSERT INTO MovieActor (MOVIEID, ActorID) VALUES (10,5);
INSERT INTO MovieActor (MOVIEID, ActorID) VALUES (10,6);
INSERT INTO MovieActor (MOVIEID, ActorID) VALUES (11,22);
INSERT INTO MovieActor (MOVIEID, ActorID) VALUES (11, 24);
INSERT INTO MovieActor (MOVIEID, ActorID) VALUES (11, 25);
INSERT INTO MovieActor (MOVIEID, ActorID) VALUES (12,9);
INSERT INTO MovieActor (MOVIEID, ActorID) VALUES (12,10);
INSERT INTO MovieActor (MOVIEID, ActorID) VALUES (12,3);
INSERT INTO MovieActor (MOVIEID, ActorID) VALUES (13,5);
INSERT INTO MovieActor (MOVIEID, ActorID) VALUES (13,6);
INSERT INTO MovieActor (MOVIEID, ActorID) VALUES (13,16);
INSERT INTO MovieActor (MOVIEID, ActorID) VALUES (15,12);
INSERT INTO MovieActor (MOVIEID, ActorID) VALUES (15,18);
INSERT INTO MovieActor (MOVIEID, ActorID) VALUES (15,9);
INSERT INTO MovieActor (MOVIEID, ActorID) VALUES (16,10);
INSERT INTO MovieActor (MOVIEID, ActorID) VALUES (16,15);
INSERT INTO MovieActor (MOVIEID, ActorID) VALUES (16,16);
INSERT INTO MovieActor (MOVIEID, ActorID) VALUES (17,31);
INSERT INTO MovieActor (MOVIEID, ActorID) VALUES (18,33);
INSERT INTO MovieActor (MOVIEID, ActorID) VALUES (18, 34);
INSERT INTO MovieActor (MOVIEID, ActorID) VALUES (19,34);
INSERT INTO MovieActor (MOVIEID, ActorID) VALUES (19, 35);
INSERT INTO MovieActor (MOVIEID, ActorID) VALUES (20,34);
INSERT INTO MovieActor (MOVIEID, ActorID) VALUES (20, 36);
INSERT INTO MovieActor (MOVIEID, ActorID) VALUES (21,22);
INSERT INTO MovieActor (MOVIEID, ActorID) VALUES (21,25);
INSERT INTO MovieActor (MOVIEID, ActorID) VALUES (21,23);
INSERT INTO MovieActor (MOVIEID, ActorID) VALUES (22,9);
INSERT INTO MovieActor (MOVIEID, ActorID) VALUES (22,11);
INSERT INTO MovieActor (MOVIEID, ActorID) VALUES (23,9);
INSERT INTO MovieActor (MOVIEID, ActorID) VALUES (23,13);
INSERT INTO MovieActor (MOVIEID, ActorID) VALUES (24,14);
INSERT INTO MovieActor (MOVIEID, ActorID) VALUES (24,20);
INSERT INTO MovieActor (MOVIEID, ActorID) VALUES (25,9);
INSERT INTO MovieActor (MOVIEID, ActorID) VALUES (25, 17);
INSERT INTO MovieActor (MOVIEID, ActorID) VALUES (26,24);
INSERT INTO MovieActor (MOVIEID, ActorID) VALUES (26, 37);
INSERT INTO MovieActor (MOVIEID, ActorID) VALUES (27,47);
INSERT INTO MovieActor (MOVIEID, ActorID) VALUES (27,48);
INSERT INTO MovieActor (MOVIEID, ActorID) VALUES (28,38);
INSERT INTO MovieActor (MOVIEID, ActorID) VALUES (28, 39);
INSERT INTO MovieActor (MOVIEID, ActorID) VALUES (29,3);
INSERT INTO MovieActor (MOVIEID, ActorID) VALUES (29,5);
INSERT INTO MovieActor (MOVIEID, ActorID) VALUES (30,51);
INSERT INTO MovieActor (MOVIEID, ActorID) VALUES (30,52);
INSERT INTO MovieActor (MOVIEID, ActorID) VALUES (31,9);
INSERT INTO MovieActor (MOVIEID, ActorID) VALUES (31, 8);
INSERT INTO MovieActor (MOVIEID, ActorID) VALUES (32,49);
INSERT INTO MovieActor (MOVIEID, ActorID) VALUES (32,50);
INSERT INTO MovieActor (MOVIEID, ActorID) VALUES (33,3);
INSERT INTO MovieActor (MOVIEID, ActorID) VALUES (34,14);
INSERT INTO MovieActor (MOVIEID, ActorID) VALUES (35,51);
INSERT INTO MovieActor (MOVIEID, ActorID) VALUES (35, 52);
INSERT INTO MovieActor (MOVIEID, ActorID) VALUES (36,51);
INSERT INTO MovieActor (MOVIEID, ActorID) VALUES (37,52);
INSERT INTO MovieActor (MOVIEID, ActorID) VALUES (38,43);
INSERT INTO MovieActor (MOVIEID, ActorID) VALUES (38,44);
INSERT INTO MovieActor (MOVIEID, ActorID) VALUES (39,42);
INSERT INTO MovieActor (MOVIEID, ActorID) VALUES (39,41);
INSERT INTO MovieActor (MOVIEID, ActorID) VALUES (40,40);
--RATING rows:121
INSERT INTO MovieRate (UserID, MovieID, Rate) VALUES (1,1,1.0);
INSERT INTO MovieRate (UserID, MovieID, Rate) VALUES (1,2,4.5);
INSERT INTO MovieRate (UserID, MovieID, Rate) VALUES (1,3,4.0);
INSERT INTO MovieRate (UserID, MovieID, Rate) VALUES (1,4,2.0);
INSERT INTO MovieRate (UserID, MovieID, Rate) VALUES (1,5,4.0);
INSERT INTO MovieRate (UserID, MovieID, Rate) VALUES (1,6,4.5);
INSERT INTO MovieRate (UserID, MovieID, Rate) VALUES (1,7,3.5);
INSERT INTO MovieRate (UserID, MovieID, Rate) VALUES (1,8,5.0);
INSERT INTO MovieRate (UserID, MovieID, Rate) VALUES (1,9,3.5);
INSERT INTO MovieRate (UserID, MovieID, Rate) VALUES (1,10,2.0);
INSERT INTO MovieRate (UserID, MovieID, Rate) VALUES (1,11,4.0);
INSERT INTO MovieRate (UserID, MovieID, Rate) VALUES (1,12,3.0);
INSERT INTO MovieRate (UserID, MovieID, Rate) VALUES (1,13,4.5);
INSERT INTO MovieRate (UserID, MovieID, Rate) VALUES (1,15,0.5);
INSERT INTO MovieRate (UserID, MovieID, Rate) VALUES (1,16,4.5);
INSERT INTO MovieRate (UserID, MovieID, Rate) VALUES (1,17,4.0);
INSERT INTO MovieRate (UserID, MovieID, Rate) VALUES (1,18,3.5);
INSERT INTO MovieRate (UserID, MovieID, Rate) VALUES (1,19,4.5);
INSERT INTO MovieRate (UserID, MovieID, Rate) VALUES (1,20,4.0);
INSERT INTO MovieRate (UserID, MovieID, Rate) VALUES (1,21,2.5);
INSERT INTO MovieRate (UserID, MovieID, Rate) VALUES (2,1,4.0);
INSERT INTO MovieRate (UserID, MovieID, Rate) VALUES (2,2,4.0);
INSERT INTO MovieRate (UserID, MovieID, Rate) VALUES (2,3,4.0);
INSERT INTO MovieRate (UserID, MovieID, Rate) VALUES (2,4,4.5);
INSERT INTO MovieRate (UserID, MovieID, Rate) VALUES (2,5,2.5);
INSERT INTO MovieRate (UserID, MovieID, Rate) VALUES (2,6,2.0);
INSERT INTO MovieRate (UserID, MovieID, Rate) VALUES (2,7,1.5);
INSERT INTO MovieRate (UserID, MovieID, Rate) VALUES (2,8,4.0);
INSERT INTO MovieRate (UserID, MovieID, Rate) VALUES (2,9,4.0);
INSERT INTO MovieRate (UserID, MovieID, Rate) VALUES (2,10,4.5);
INSERT INTO MovieRate (UserID, MovieID, Rate) VALUES (2,11,3.0);
INSERT INTO MovieRate (UserID, MovieID, Rate) VALUES (2,12,3.0);
INSERT INTO MovieRate (UserID, MovieID, Rate) VALUES (2,13,4.5);
INSERT INTO MovieRate (UserID, MovieID, Rate) VALUES (3,15,3.5);
INSERT INTO MovieRate (UserID, MovieID, Rate) VALUES (3,16,4.5);
INSERT INTO MovieRate (UserID, MovieID, Rate) VALUES (3,17,1.5);
INSERT INTO MovieRate (UserID, MovieID, Rate) VALUES (3,18,3.0);
INSERT INTO MovieRate (UserID, MovieID, Rate) VALUES (3,19,3.0);
INSERT INTO MovieRate (UserID, MovieID, Rate) VALUES (3,20,3.5);
INSERT INTO MovieRate (UserID, MovieID, Rate) VALUES (3,21,3.5);
INSERT INTO MovieRate (UserID, MovieID, Rate) VALUES (3,1,3.0);
INSERT INTO MovieRate (UserID, MovieID, Rate) VALUES (3,2,2.5);
INSERT INTO MovieRate (UserID, MovieID, Rate) VALUES (3,3,3.5);
INSERT INTO MovieRate (UserID, MovieID, Rate) VALUES (3,4,4.0);
INSERT INTO MovieRate (UserID, MovieID, Rate) VALUES (3,5,0.5);
INSERT INTO MovieRate (UserID, MovieID, Rate) VALUES (3,6,4.0);
INSERT INTO MovieRate (UserID, MovieID, Rate) VALUES (3,7,3.5);
INSERT INTO MovieRate (UserID, MovieID, Rate) VALUES (3,8,4.5);
INSERT INTO MovieRate (UserID, MovieID, Rate) VALUES (4,9,3.5);
INSERT INTO MovieRate (UserID, MovieID, Rate) VALUES (4,10,4.5);
INSERT INTO MovieRate (UserID, MovieID, Rate) VALUES (4,11,5.0);
INSERT INTO MovieRate (UserID, MovieID, Rate) VALUES (5,12,3.0);
INSERT INTO MovieRate (UserID, MovieID, Rate) VALUES (5,13,4.0);
INSERT INTO MovieRate (UserID, MovieID, Rate) VALUES (5,15,5.0);
INSERT INTO MovieRate (UserID, MovieID, Rate) VALUES (5,16,4.0);
INSERT INTO MovieRate (UserID, MovieID, Rate) VALUES (5,17,3.0);
INSERT INTO MovieRate (UserID, MovieID, Rate) VALUES (6,18,3.5);
INSERT INTO MovieRate (UserID, MovieID, Rate) VALUES (6,19,3.5);
INSERT INTO MovieRate (UserID, MovieID, Rate) VALUES (6,20,5.0);
INSERT INTO MovieRate (UserID, MovieID, Rate) VALUES (6,21,5.0);
INSERT INTO MovieRate (UserID, MovieID, Rate) VALUES (6,22,3.5);
INSERT INTO MovieRate (UserID, MovieID, Rate) VALUES (6,23,3.0);
INSERT INTO MovieRate (UserID, MovieID, Rate) VALUES (7,24,4.0);
INSERT INTO MovieRate (UserID, MovieID, Rate) VALUES (7,25,3.0);
INSERT INTO MovieRate (UserID, MovieID, Rate) VALUES (7,26,4.0);
INSERT INTO MovieRate (UserID, MovieID, Rate) VALUES (7,27,5.0);
INSERT INTO MovieRate (UserID, MovieID, Rate) VALUES (7,28,5.0);
INSERT INTO MovieRate (UserID, MovieID, Rate) VALUES (7,29,4.0);
INSERT INTO MovieRate (UserID, MovieID, Rate) VALUES (7,30,1.0);
INSERT INTO MovieRate (UserID, MovieID, Rate) VALUES (7,31,5.0);
INSERT INTO MovieRate (UserID, MovieID, Rate) VALUES (7,32,5.0);
INSERT INTO MovieRate (UserID, MovieID, Rate) VALUES (8,33,5.0);
INSERT INTO MovieRate (UserID, MovieID, Rate) VALUES (8,34,5.0);
INSERT INTO MovieRate (UserID, MovieID, Rate) VALUES (8,35,5.0);
INSERT INTO MovieRate (UserID, MovieID, Rate) VALUES (8,36,3.5);
INSERT INTO MovieRate (UserID, MovieID, Rate) VALUES (8,37,5.0);
INSERT INTO MovieRate (UserID, MovieID, Rate) VALUES (8,38,5.0);
INSERT INTO MovieRate (UserID, MovieID, Rate) VALUES (8,39,4.0);
INSERT INTO MovieRate (UserID, MovieID, Rate) VALUES (8,40,5.0);
INSERT INTO MovieRate (UserID, MovieID, Rate) VALUES (8,12,5.0);
INSERT INTO MovieRate (UserID, MovieID, Rate) VALUES (9,13,3.0);
INSERT INTO MovieRate (UserID, MovieID, Rate) VALUES (9,15,3.5);
INSERT INTO MovieRate (UserID, MovieID, Rate) VALUES (9,16,5.0);
INSERT INTO MovieRate (UserID, MovieID, Rate) VALUES (9,17,0.5);
INSERT INTO MovieRate (UserID, MovieID, Rate) VALUES (9,18,4.0);
INSERT INTO MovieRate (UserID, MovieID, Rate) VALUES (9,19,4.0);
INSERT INTO MovieRate (UserID, MovieID, Rate) VALUES (9,20,4.0);
INSERT INTO MovieRate (UserID, MovieID, Rate) VALUES (9,21,3.0);
INSERT INTO MovieRate (UserID, MovieID, Rate) VALUES (9,22,5.0);
INSERT INTO MovieRate (UserID, MovieID, Rate) VALUES (9,23,5.0);
INSERT INTO MovieRate (UserID, MovieID, Rate) VALUES (9,24,4.0);
INSERT INTO MovieRate (UserID, MovieID, Rate) VALUES (10,25,5.0);
INSERT INTO MovieRate (UserID, MovieID, Rate) VALUES (10,26,0.5);
INSERT INTO MovieRate (UserID, MovieID, Rate) VALUES (10,27,5.0);
INSERT INTO MovieRate (UserID, MovieID, Rate) VALUES (10,28,3.5);
INSERT INTO MovieRate (UserID, MovieID, Rate) VALUES (10,29,3.5);
INSERT INTO MovieRate (UserID, MovieID, Rate) VALUES (10,30,4.0);
INSERT INTO MovieRate (UserID, MovieID, Rate) VALUES (10,31,5.0);
INSERT INTO MovieRate (UserID, MovieID, Rate) VALUES (10,32,4.0);
INSERT INTO MovieRate (UserID, MovieID, Rate) VALUES (10,33,5.0);
INSERT INTO MovieRate (UserID, MovieID, Rate) VALUES (10,34,2.5);
INSERT INTO MovieRate (UserID, MovieID, Rate) VALUES (10,35,4.0);
INSERT INTO MovieRate (UserID, MovieID, Rate) VALUES (10,36,5.0);
INSERT INTO MovieRate (UserID, MovieID, Rate) VALUES (10,37,3.0);
INSERT INTO MovieRate (UserID, MovieID, Rate) VALUES (10,38,3.5);
INSERT INTO MovieRate (UserID, MovieID, Rate) VALUES (10,39,3.5);
INSERT INTO MovieRate (UserID, MovieID, Rate) VALUES (10,40,2.0);
INSERT INTO MovieRate (UserID, MovieID, Rate) VALUES (10,12,5.0);
INSERT INTO MovieRate (UserID, MovieID, Rate) VALUES (10,13,5.0);
INSERT INTO MovieRate (UserID, MovieID, Rate) VALUES (10,15,3.5);
INSERT INTO MovieRate (UserID, MovieID, Rate) VALUES (10,16,5.0);
INSERT INTO MovieRate (UserID, MovieID, Rate) VALUES (10,17,5.0);
INSERT INTO MovieRate (UserID, MovieID, Rate) VALUES (10,18,1.0);
INSERT INTO MovieRate (UserID, MovieID, Rate) VALUES (10,19,5.0);
INSERT INTO MovieRate (UserID, MovieID, Rate) VALUES (10,20,5.0);
INSERT INTO MovieRate (UserID, MovieID, Rate) VALUES (11,21,5.0);
INSERT INTO MovieRate (UserID, MovieID, Rate) VALUES (11,22,5.0);
INSERT INTO MovieRate (UserID, MovieID, Rate) VALUES (11,23,4.0);
INSERT INTO MovieRate (UserID, MovieID, Rate) VALUES (11,24,5.0);
INSERT INTO MovieRate (UserID, MovieID, Rate) VALUES (11,25,4.0);
INSERT INTO MovieRate (UserID, MovieID, Rate) VALUES (12,40,1.0);
--ROLE rows:88
UPDATE MovieActor SET Role = 'Jessica' WHERE ActorID = 5 AND MovieID = 1;
UPDATE MovieActor SET Role = 'robert' WHERE ActorID = 6 AND MovieID = 1;
UPDATE MovieActor SET Role = 'John' WHERE ActorID = 5 AND MovieID = 2;
UPDATE MovieActor SET Role = 'Mark' WHERE ActorID = 6 AND MovieID = 2;
UPDATE MovieActor SET Role = 'Alex' WHERE ActorID = 9 AND MovieID = 3;
UPDATE MovieActor SET Role = 'Julie' WHERE ActorID = 7 AND MovieID = 3;
UPDATE MovieActor SET Role = 'Rey' WHERE ActorID = 27 AND MovieID = 4;
UPDATE MovieActor SET Role = 'Finn ' WHERE ActorID = 28 AND MovieID = 4;
UPDATE MovieActor SET Role = 'Poe' WHERE ActorID = 29 AND MovieID = 4;
UPDATE MovieActor SET Role = 'Jennifer' WHERE ActorID = 7 AND MovieID = 5;
UPDATE MovieActor SET Role = 'Tom' WHERE ActorID = 8 AND MovieID = 5;
UPDATE MovieActor SET Role = 'Milo' WHERE ActorID = 5 AND MovieID = 5;
UPDATE MovieActor SET Role = 'Anakin Skywalker' WHERE ActorID = 23 AND MovieID = 6;
UPDATE MovieActor SET Role = 'Padme' WHERE ActorID = 25 AND MovieID = 6;
UPDATE MovieActor SET Role = 'Obi-Wan Kenobi' WHERE ActorID = 22 AND MovieID = 6;
UPDATE MovieActor SET Role = 'Jane' WHERE ActorID = 10 AND MovieID = 7;
UPDATE MovieActor SET Role = 'Brad' WHERE ActorID = 5 AND MovieID = 7;
UPDATE MovieActor SET Role = 'Lucas' WHERE ActorID = 9 AND MovieID = 8;
UPDATE MovieActor SET Role = 'Juanita' WHERE ActorID = 10 AND MovieID = 8;
UPDATE MovieActor SET Role = 'Clayne' WHERE ActorID = 9 AND MovieID = 9;
UPDATE MovieActor SET Role = 'Jane' WHERE ActorID = 9 AND MovieID = 9;
UPDATE MovieActor SET Role = 'Brad' WHERE ActorID = 9 AND MovieID = 9;
UPDATE MovieActor SET Role = 'Lucas' WHERE ActorID = 9 AND MovieID = 9;
UPDATE MovieActor SET Role = 'Bradley' WHERE ActorID = 9 AND MovieID = 9;
UPDATE MovieActor SET Role = 'Justin' WHERE ActorID = 9 AND MovieID = 9;
UPDATE MovieActor SET Role = 'Martin' WHERE ActorID = 17 AND MovieID = 9;
UPDATE MovieActor SET Role = 'Mike' WHERE ActorID = 19 AND MovieID = 9;
UPDATE MovieActor SET Role = 'Travis' WHERE ActorID = 3 AND MovieID = 10;
UPDATE MovieActor SET Role = 'Alexander' WHERE ActorID = 5 AND MovieID = 10;
UPDATE MovieActor SET Role = 'Justin' WHERE ActorID = 6 AND MovieID = 10;
UPDATE MovieActor SET Role = 'Obi-Wan Kenobi' WHERE ActorID = 22 AND MovieID = 11;
UPDATE MovieActor SET Role = 'Qui-Gon Jinn' WHERE ActorID = 24 AND MovieID = 11;
UPDATE MovieActor SET Role = 'Padme' WHERE ActorID = 25 AND MovieID = 11;
UPDATE MovieActor SET Role = 'Gatek' WHERE ActorID = 9 AND MovieID = 12;
UPDATE MovieActor SET Role = 'Rose' WHERE ActorID = 10 AND MovieID = 12;
UPDATE MovieActor SET Role = 'maria' WHERE ActorID = 3 AND MovieID = 12;
UPDATE MovieActor SET Role = 'Travis' WHERE ActorID = 5 AND MovieID = 13;
UPDATE MovieActor SET Role = 'Alexander' WHERE ActorID = 6 AND MovieID = 13;
UPDATE MovieActor SET Role = 'Pearl' WHERE ActorID = 16 AND MovieID = 13;
UPDATE MovieActor SET Role = 'Sofia' WHERE ActorID = 12 AND MovieID = 15;
UPDATE MovieActor SET Role = 'chrissy' WHERE ActorID = 18 AND MovieID = 15;
UPDATE MovieActor SET Role = 'Mike' WHERE ActorID = 9 AND MovieID = 15;
UPDATE MovieActor SET Role = 'Martin' WHERE ActorID = 10 AND MovieID = 16;
UPDATE MovieActor SET Role = 'Bill' WHERE ActorID = 15 AND MovieID = 16;
UPDATE MovieActor SET Role = 'Emilia' WHERE ActorID = 16 AND MovieID = 16;
UPDATE MovieActor SET Role = 'Juan' WHERE ActorID = 31 AND MovieID = 17;
UPDATE MovieActor SET Role = 'Irina' WHERE ActorID = 33 AND MovieID = 18;
UPDATE MovieActor SET Role = 'Indiana Jones ' WHERE ActorID = 34 AND MovieID = 18;
UPDATE MovieActor SET Role = 'Indiana Jones ' WHERE ActorID = 34 AND MovieID = 19;
UPDATE MovieActor SET Role = 'Henry' WHERE ActorID = 35 AND MovieID = 19;
UPDATE MovieActor SET Role = 'Indiana Jones ' WHERE ActorID = 34 AND MovieID = 20;
UPDATE MovieActor SET Role = 'Willie' WHERE ActorID = 36 AND MovieID = 20;
UPDATE MovieActor SET Role = 'Anakin Skywalker' WHERE ActorID = 23 AND MovieID = 21;
UPDATE MovieActor SET Role = 'Padme' WHERE ActorID = 25 AND MovieID = 21;
UPDATE MovieActor SET Role = 'Obi-Wan Kenobi' WHERE ActorID = 22 AND MovieID = 21;
UPDATE MovieActor SET Role = 'Viktor ' WHERE ActorID = 9 AND MovieID = 22;
UPDATE MovieActor SET Role = 'Amelia' WHERE ActorID = 11 AND MovieID = 22;
UPDATE MovieActor SET Role = 'Carl' WHERE ActorID = 9 AND MovieID = 23;
UPDATE MovieActor SET Role = 'Frank' WHERE ActorID = 13 AND MovieID = 23;
UPDATE MovieActor SET Role = 'John' WHERE ActorID = 14 AND MovieID = 24;
UPDATE MovieActor SET Role = 'Agatha' WHERE ActorID = 20 AND MovieID = 24;
UPDATE MovieActor SET Role = 'Captain Miller' WHERE ActorID = 9 AND MovieID = 25;
UPDATE MovieActor SET Role = 'Private Ryan' WHERE ActorID = 17 AND MovieID = 25;
UPDATE MovieActor SET Role = 'Oskar' WHERE ActorID = 24 AND MovieID = 26;
UPDATE MovieActor SET Role = 'Amon' WHERE ActorID = 37 AND MovieID = 26;
UPDATE MovieActor SET Role = 'Donald Beeman' WHERE ActorID = 47 AND MovieID = 27;
UPDATE MovieActor SET Role = 'Mr. Turnbull' WHERE ActorID = 48 AND MovieID = 27;
UPDATE MovieActor SET Role = 'Rebecca' WHERE ActorID = 38 AND MovieID = 28;
UPDATE MovieActor SET Role = 'Martin' WHERE ActorID = 39 AND MovieID = 28;
UPDATE MovieActor SET Role = 'Lucy' WHERE ActorID = 3 AND MovieID = 29;
UPDATE MovieActor SET Role = 'Professor Norman' WHERE ActorID = 5 AND MovieID = 29;
UPDATE MovieActor SET Role = 'Granny' WHERE ActorID = 51 AND MovieID = 30;
UPDATE MovieActor SET Role = 'Arthur' WHERE ActorID = 52 AND MovieID = 30;
UPDATE MovieActor SET Role = 'Broddy' WHERE ActorID = 5 AND MovieID = 31;
UPDATE MovieActor SET Role = 'Quint' WHERE ActorID = 6 AND MovieID = 31;
UPDATE MovieActor SET Role = 'Harry' WHERE ActorID = 49 AND MovieID = 32;
UPDATE MovieActor SET Role = 'Moe' WHERE ActorID = 50 AND MovieID = 32;
UPDATE MovieActor SET Role = 'Kay' WHERE ActorID = 3 AND MovieID = 33;
UPDATE MovieActor SET Role = 'Ethan Hunt' WHERE ActorID = 14 AND MovieID = 34;
UPDATE MovieActor SET Role = 'Granny' WHERE ActorID = 51 AND MovieID = 35;
UPDATE MovieActor SET Role = 'Arthur' WHERE ActorID = 52 AND MovieID = 35;
UPDATE MovieActor SET Role = 'Granny' WHERE ActorID = 51 AND MovieID = 36;
UPDATE MovieActor SET Role = 'Arthur' WHERE ActorID = 52 AND MovieID = 37;
UPDATE MovieActor SET Role = 'Captain haddock' WHERE ActorID = 44 AND MovieID = 38;
UPDATE MovieActor SET Role = 'Tintin' WHERE ActorID = 43 AND MovieID = 38;
UPDATE MovieActor SET Role = 'Rose' WHERE ActorID = 42 AND MovieID = 39;
UPDATE MovieActor SET Role = 'Albert' WHERE ActorID = 41 AND MovieID = 39;
UPDATE MovieActor SET Role = 'Abraham Lincoln' WHERE ActorID = 40 AND MovieID = 40;
