--PERSON rows:52
INSERT INTO IMDBPerson (ID, FIRSTNAME, LASTNAME,GENDER, BIRTHDATE,ISMATURE,ATTRIBUTE,AGE) VALUES (1,'Brian ','de forma','M',TO_DATE( '09/11/1940', 'MM-DD-YYYY' ),1,'Director', GET_AGE(TO_DATE( '09/11/1940', 'MM-DD-YYYY')));
INSERT INTO IMDBPerson (ID, FIRSTNAME, LASTNAME,GENDER, BIRTHDATE,ISMATURE,ATTRIBUTE,AGE) VALUES (2,'Martin ','Brest','M',TO_DATE( '08/08/1951', 'MM-DD-YYYY' ),1,'Director', GET_AGE(TO_DATE( '08/08/1951', 'MM-DD-YYYY')));
INSERT INTO IMDBPerson (ID, FIRSTNAME, LASTNAME,GENDER, BIRTHDATE,ISMATURE,ATTRIBUTE,AGE) VALUES (3,'Scarlett ','Johanson','F',TO_DATE( '11/22/1984', 'MM-DD-YYYY' ),1,'Actor', GET_AGE(TO_DATE( '11/22/1984', 'MM-DD-YYYY')));
INSERT INTO IMDBPerson (ID, FIRSTNAME, LASTNAME,GENDER, BIRTHDATE,ISMATURE,ATTRIBUTE,AGE) VALUES (4,'Luc ','Besson','F',TO_DATE( '05/30/1975', 'MM-DD-YYYY' ),1,'Director', GET_AGE(TO_DATE( '05/30/1975', 'MM-DD-YYYY')));
INSERT INTO IMDBPerson (ID, FIRSTNAME, LASTNAME,GENDER, BIRTHDATE,ISMATURE,ATTRIBUTE,AGE) VALUES (5,'Morgan ','Freeman','M',TO_DATE( '06/05/1953', 'MM-DD-YYYY' ),1,'Actor', GET_AGE(TO_DATE( '06/05/1953', 'MM-DD-YYYY')));
INSERT INTO IMDBPerson (ID, FIRSTNAME, LASTNAME,GENDER, BIRTHDATE,ISMATURE,ATTRIBUTE,AGE) VALUES (6,'Al ','Pacino','M',TO_DATE( '11/12/1956', 'MM-DD-YYYY' ),1,'Actor', GET_AGE(TO_DATE( '11/12/1956', 'MM-DD-YYYY')));
INSERT INTO IMDBPerson (ID, FIRSTNAME, LASTNAME,GENDER, BIRTHDATE,ISMATURE,ATTRIBUTE,AGE) VALUES (7,'Angelina ','Jolie','F',TO_DATE( '03/03/1970', 'MM-DD-YYYY' ),1,'Actor', GET_AGE(TO_DATE( '03/03/1970', 'MM-DD-YYYY')));
INSERT INTO IMDBPerson (ID, FIRSTNAME, LASTNAME,GENDER, BIRTHDATE,ISMATURE,ATTRIBUTE,AGE) VALUES (8,'Brad ','Pitt','M',TO_DATE( '04/04/1975', 'MM-DD-YYYY' ),1,'Actor', GET_AGE(TO_DATE( '04/04/1975', 'MM-DD-YYYY')));
INSERT INTO IMDBPerson (ID, FIRSTNAME, LASTNAME,GENDER, BIRTHDATE,ISMATURE,ATTRIBUTE,AGE) VALUES (9,'Tom ','Hanks','M',TO_DATE( '05/19/1964', 'MM-DD-YYYY' ),1,'Actor', GET_AGE(TO_DATE( '05/19/1964', 'MM-DD-YYYY')));
INSERT INTO IMDBPerson (ID, FIRSTNAME, LASTNAME,GENDER, BIRTHDATE,ISMATURE,ATTRIBUTE,AGE) VALUES (10,'Jessica ','Alba','F',TO_DATE( '08/07/1983', 'MM-DD-YYYY' ),1,'Actor', GET_AGE(TO_DATE( '08/07/1983', 'MM-DD-YYYY')));
INSERT INTO IMDBPerson (ID, FIRSTNAME, LASTNAME,GENDER, BIRTHDATE,ISMATURE,ATTRIBUTE,AGE) VALUES (11,'Catherine','Jones','F',TO_DATE( '09/29/1969', 'MM-DD-YYYY' ),1,'Actor', GET_AGE(TO_DATE( '09/29/1969', 'MM-DD-YYYY')));
INSERT INTO IMDBPerson (ID, FIRSTNAME, LASTNAME,GENDER, BIRTHDATE,ISMATURE,ATTRIBUTE,AGE) VALUES (12,'Alex ','Parish','F',TO_DATE( '07/09/1977', 'MM-DD-YYYY' ),1,'Actor', GET_AGE(TO_DATE( '07/09/1977', 'MM-DD-YYYY')));
INSERT INTO IMDBPerson (ID, FIRSTNAME, LASTNAME,GENDER, BIRTHDATE,ISMATURE,ATTRIBUTE,AGE) VALUES (13,'Leonardo','DiCaprio','M',TO_DATE( '11/11/1974', 'MM-DD-YYYY' ),1,'Actor', GET_AGE(TO_DATE( '11/11/1974', 'MM-DD-YYYY')));
INSERT INTO IMDBPerson (ID, FIRSTNAME, LASTNAME,GENDER, BIRTHDATE,ISMATURE,ATTRIBUTE,AGE) VALUES (14,'Tom ','Cruise','M',TO_DATE( '07/03/1962', 'MM-DD-YYYY' ),1,'Actor', GET_AGE(TO_DATE( '07/03/1962', 'MM-DD-YYYY')));
INSERT INTO IMDBPerson (ID, FIRSTNAME, LASTNAME,GENDER, BIRTHDATE,ISMATURE,ATTRIBUTE,AGE) VALUES (15,'Harrison ','Ford','M',TO_DATE( '09/11/1957', 'MM-DD-YYYY' ),1,'Actor', GET_AGE(TO_DATE( '09/11/1957', 'MM-DD-YYYY')));
INSERT INTO IMDBPerson (ID, FIRSTNAME, LASTNAME,GENDER, BIRTHDATE,ISMATURE,ATTRIBUTE,AGE) VALUES (16,'Julia ','Roberts','F',TO_DATE( '01/01/1967', 'MM-DD-YYYY' ),1,'Actor', GET_AGE(TO_DATE( '01/01/1967', 'MM-DD-YYYY')));
INSERT INTO IMDBPerson (ID, FIRSTNAME, LASTNAME,GENDER, BIRTHDATE,ISMATURE,ATTRIBUTE,AGE) VALUES (17,'Matt','Damon','M',TO_DATE( '01/07/1971', 'MM-DD-YYYY' ),1,'Actor', GET_AGE(TO_DATE( '01/07/1971', 'MM-DD-YYYY')));
INSERT INTO IMDBPerson (ID, FIRSTNAME, LASTNAME,GENDER, BIRTHDATE,ISMATURE,ATTRIBUTE,AGE) VALUES (18,'Jennifer','Lawrence','F',TO_DATE( '02/02/1962', 'MM-DD-YYYY' ),1,'Actor', GET_AGE(TO_DATE( '02/02/1962', 'MM-DD-YYYY')));
INSERT INTO IMDBPerson (ID, FIRSTNAME, LASTNAME,GENDER, BIRTHDATE,ISMATURE,ATTRIBUTE,AGE) VALUES (19,'George','clooney','M',TO_DATE( '03/03/1965', 'MM-DD-YYYY' ),1,'Actor', GET_AGE(TO_DATE( '03/03/1965', 'MM-DD-YYYY')));
INSERT INTO IMDBPerson (ID, FIRSTNAME, LASTNAME,GENDER, BIRTHDATE,ISMATURE,ATTRIBUTE,AGE) VALUES (20,'Samantha','Morton','F',TO_DATE( '05/03/1977', 'MM-DD-YYYY' ),1,'Actor', GET_AGE(TO_DATE( '05/03/1977', 'MM-DD-YYYY')));
INSERT INTO IMDBPerson (ID, FIRSTNAME, LASTNAME,GENDER, BIRTHDATE,ISMATURE,ATTRIBUTE,AGE) VALUES (21,'George','Lucas','M',TO_DATE( '05/14/1968', 'MM-DD-YYYY' ),1,'Director', GET_AGE(TO_DATE( '05/14/1968', 'MM-DD-YYYY')));
INSERT INTO IMDBPerson (ID, FIRSTNAME, LASTNAME,GENDER, BIRTHDATE,ISMATURE,ATTRIBUTE,AGE) VALUES (22,'Ewan','McGregor','M',TO_DATE( '03/31/1968', 'MM-DD-YYYY' ),1,'Actor', GET_AGE(TO_DATE( '03/31/1968', 'MM-DD-YYYY')));
INSERT INTO IMDBPerson (ID, FIRSTNAME, LASTNAME,GENDER, BIRTHDATE,ISMATURE,ATTRIBUTE,AGE) VALUES (23,'Hayden','Christensen','M',TO_DATE( '04/19/1981', 'MM-DD-YYYY' ),1,'Actor', GET_AGE(TO_DATE( '04/19/1981', 'MM-DD-YYYY')));
INSERT INTO IMDBPerson (ID, FIRSTNAME, LASTNAME,GENDER, BIRTHDATE,ISMATURE,ATTRIBUTE,AGE) VALUES (24,'Liam','Neeson','M',TO_DATE( '06/07/1968', 'MM-DD-YYYY' ),1,'Actor', GET_AGE(TO_DATE( '06/07/1968', 'MM-DD-YYYY')));
INSERT INTO IMDBPerson (ID, FIRSTNAME, LASTNAME,GENDER, BIRTHDATE,ISMATURE,ATTRIBUTE,AGE) VALUES (25,'Natalie','Portman','F',TO_DATE( '05/14/1968', 'MM-DD-YYYY' ),1,'Actor', GET_AGE(TO_DATE( '05/14/1968', 'MM-DD-YYYY')));
INSERT INTO IMDBPerson (ID, FIRSTNAME, LASTNAME,GENDER, BIRTHDATE,ISMATURE,ATTRIBUTE,AGE) VALUES (26,'J.J.','Abrams','M',TO_DATE( '06/27/1966', 'MM-DD-YYYY' ),1,'Director', GET_AGE(TO_DATE( '06/27/1966', 'MM-DD-YYYY')));
INSERT INTO IMDBPerson (ID, FIRSTNAME, LASTNAME,GENDER, BIRTHDATE,ISMATURE,ATTRIBUTE,AGE) VALUES (27,'Daisy','Ridley','F',TO_DATE( '04/10/1992', 'MM-DD-YYYY' ),1,'Actor', GET_AGE(TO_DATE( '04/10/1992', 'MM-DD-YYYY')));
INSERT INTO IMDBPerson (ID, FIRSTNAME, LASTNAME,GENDER, BIRTHDATE,ISMATURE,ATTRIBUTE,AGE) VALUES (28,'John','Boyega','M',TO_DATE( '03/17/1992', 'MM-DD-YYYY' ),1,'Actor', GET_AGE(TO_DATE( '03/17/1992', 'MM-DD-YYYY')));
INSERT INTO IMDBPerson (ID, FIRSTNAME, LASTNAME,GENDER, BIRTHDATE,ISMATURE,ATTRIBUTE,AGE) VALUES (29,'Oscar','Isaac','M',TO_DATE( '03/09/1979', 'MM-DD-YYYY' ),1,'Actor', GET_AGE(TO_DATE( '03/09/1979', 'MM-DD-YYYY')));
INSERT INTO IMDBPerson (ID, FIRSTNAME, LASTNAME,GENDER, BIRTHDATE,ISMATURE,ATTRIBUTE,AGE) VALUES (30,'Barry','Jenkins','M',TO_DATE( '11/19/1979', 'MM-DD-YYYY' ),1,'Director', GET_AGE(TO_DATE( '11/19/1979', 'MM-DD-YYYY')));
INSERT INTO IMDBPerson (ID, FIRSTNAME, LASTNAME,GENDER, BIRTHDATE,ISMATURE,ATTRIBUTE,AGE) VALUES (31,'Mahershala','Ali','M',TO_DATE( '02/16/1974', 'MM-DD-YYYY' ),1,'Actor', GET_AGE(TO_DATE( '02/16/1974', 'MM-DD-YYYY')));
INSERT INTO IMDBPerson (ID, FIRSTNAME, LASTNAME,GENDER, BIRTHDATE,ISMATURE,ATTRIBUTE,AGE) VALUES (32,'Steven','Spielberg','M',TO_DATE( '12/18/1946', 'MM-DD-YYYY' ),1,'Director', GET_AGE(TO_DATE( '12/18/1946', 'MM-DD-YYYY')));
INSERT INTO IMDBPerson (ID, FIRSTNAME, LASTNAME,GENDER, BIRTHDATE,ISMATURE,ATTRIBUTE,AGE) VALUES (33,'Cate','Blanchett','F',TO_DATE( '05/14/1969', 'MM-DD-YYYY' ),1,'Actor', GET_AGE(TO_DATE( '05/14/1969', 'MM-DD-YYYY')));
INSERT INTO IMDBPerson (ID, FIRSTNAME, LASTNAME,GENDER, BIRTHDATE,ISMATURE,ATTRIBUTE,AGE) VALUES (34,'Harrison ','Ford','M',TO_DATE( '07/13/1942', 'MM-DD-YYYY' ),1,'Actor', GET_AGE(TO_DATE( '07/13/1942', 'MM-DD-YYYY')));
INSERT INTO IMDBPerson (ID, FIRSTNAME, LASTNAME,GENDER, BIRTHDATE,ISMATURE,ATTRIBUTE,AGE) VALUES (35,'Sean','Connery','M',TO_DATE( '08/25/1930', 'MM-DD-YYYY' ),1,'Actor', GET_AGE(TO_DATE( '08/25/1930', 'MM-DD-YYYY')));
INSERT INTO IMDBPerson (ID, FIRSTNAME, LASTNAME,GENDER, BIRTHDATE,ISMATURE,ATTRIBUTE,AGE) VALUES (36,'Kate','Capshaw','F',TO_DATE( '11/03/1953', 'MM-DD-YYYY' ),1,'Actor', GET_AGE(TO_DATE( '11/03/1953', 'MM-DD-YYYY')));
INSERT INTO IMDBPerson (ID, FIRSTNAME, LASTNAME,GENDER, BIRTHDATE,ISMATURE,ATTRIBUTE,AGE) VALUES (37,'Ralph','Fiennes','M',TO_DATE( '12/22/1962', 'MM-DD-YYYY' ),1,'Actor', GET_AGE(TO_DATE( '12/22/1962', 'MM-DD-YYYY')));
INSERT INTO IMDBPerson (ID, FIRSTNAME, LASTNAME,GENDER, BIRTHDATE,ISMATURE,ATTRIBUTE,AGE) VALUES (38,'Teresa','Palmer','F',TO_DATE( '02/26/1986', 'MM-DD-YYYY' ),1,'Actor', GET_AGE(TO_DATE( '02/26/1986', 'MM-DD-YYYY')));
INSERT INTO IMDBPerson (ID, FIRSTNAME, LASTNAME,GENDER, BIRTHDATE,ISMATURE,ATTRIBUTE,AGE) VALUES (39,'Gabriel','Bateman','F',TO_DATE( '09/10/2004', 'MM-DD-YYYY' ),1,'Actor', GET_AGE(TO_DATE( '09/10/2004', 'MM-DD-YYYY')));
INSERT INTO IMDBPerson (ID, FIRSTNAME, LASTNAME,GENDER, BIRTHDATE,ISMATURE,ATTRIBUTE,AGE) VALUES (40,'Daniel','Day-Lewis','M',TO_DATE( '04/19/1957', 'MM-DD-YYYY' ),1,'Actor', GET_AGE(TO_DATE( '04/19/1957', 'MM-DD-YYYY')));
INSERT INTO IMDBPerson (ID, FIRSTNAME, LASTNAME,GENDER, BIRTHDATE,ISMATURE,ATTRIBUTE,AGE) VALUES (41,'Jeremy','Irvine','M',TO_DATE( '04/19/1990', 'MM-DD-YYYY' ),1,'Actor', GET_AGE(TO_DATE( '04/19/1990', 'MM-DD-YYYY')));
INSERT INTO IMDBPerson (ID, FIRSTNAME, LASTNAME,GENDER, BIRTHDATE,ISMATURE,ATTRIBUTE,AGE) VALUES (42,'Emily','Watson','F',TO_DATE( '01/14/1967', 'MM-DD-YYYY' ),1,'Actor', GET_AGE(TO_DATE( '01/14/1967', 'MM-DD-YYYY')));
INSERT INTO IMDBPerson (ID, FIRSTNAME, LASTNAME,GENDER, BIRTHDATE,ISMATURE,ATTRIBUTE,AGE) VALUES (43,'Jamie','Bell','M',TO_DATE( '03/14/1986', 'MM-DD-YYYY' ),1,'Actor', GET_AGE(TO_DATE( '03/14/1986', 'MM-DD-YYYY')));
INSERT INTO IMDBPerson (ID, FIRSTNAME, LASTNAME,GENDER, BIRTHDATE,ISMATURE,ATTRIBUTE,AGE) VALUES (44,'Andy','Serkis','M',TO_DATE( '04/20/1964', 'MM-DD-YYYY' ),1,'Actor', GET_AGE(TO_DATE( '04/20/1964', 'MM-DD-YYYY')));
INSERT INTO IMDBPerson (ID, FIRSTNAME, LASTNAME,GENDER, BIRTHDATE,ISMATURE,ATTRIBUTE,AGE) VALUES (45,'Roy','Scheider','M',TO_DATE( '11/10/1932', 'MM-DD-YYYY' ),1,'Actor', GET_AGE(TO_DATE( '11/10/1932', 'MM-DD-YYYY')));
INSERT INTO IMDBPerson (ID, FIRSTNAME, LASTNAME,GENDER, BIRTHDATE,ISMATURE,ATTRIBUTE,AGE) VALUES (46,'Robert','Shaw','M',TO_DATE( '07/09/1927', 'MM-DD-YYYY' ),1,'Actor', GET_AGE(TO_DATE( '07/09/1927', 'MM-DD-YYYY')));
INSERT INTO IMDBPerson (ID, FIRSTNAME, LASTNAME,GENDER, BIRTHDATE,ISMATURE,ATTRIBUTE,AGE) VALUES (47,'Tom','Smothers','M',TO_DATE( '02/02/1937', 'MM-DD-YYYY' ),1,'Actor', GET_AGE(TO_DATE( '02/02/1937', 'MM-DD-YYYY')));
INSERT INTO IMDBPerson (ID, FIRSTNAME, LASTNAME,GENDER, BIRTHDATE,ISMATURE,ATTRIBUTE,AGE) VALUES (48,'John','Astin','M',TO_DATE( '03/30/1930', 'MM-DD-YYYY' ),1,'Actor', GET_AGE(TO_DATE( '03/30/1930', 'MM-DD-YYYY')));
INSERT INTO IMDBPerson (ID, FIRSTNAME, LASTNAME,GENDER, BIRTHDATE,ISMATURE,ATTRIBUTE,AGE) VALUES (49,'Danny','DeVito','M',TO_DATE( '11/17/1944', 'MM-DD-YYYY' ),1,'Actor', GET_AGE(TO_DATE( '11/17/1944', 'MM-DD-YYYY')));
INSERT INTO IMDBPerson (ID, FIRSTNAME, LASTNAME,GENDER, BIRTHDATE,ISMATURE,ATTRIBUTE,AGE) VALUES (50,'Joe','Piscopo','M',TO_DATE( '06/17/1951', 'MM-DD-YYYY' ),1,'Actor', GET_AGE(TO_DATE( '06/17/1951', 'MM-DD-YYYY')));
INSERT INTO IMDBPerson (ID, FIRSTNAME, LASTNAME,GENDER, BIRTHDATE,ISMATURE,ATTRIBUTE,AGE) VALUES (51,'Mia','Farrow','F',TO_DATE( '02/09/1942', 'MM-DD-YYYY' ),1,'Actor', GET_AGE(TO_DATE( '02/09/1942', 'MM-DD-YYYY')));
INSERT INTO IMDBPerson (ID, FIRSTNAME, LASTNAME,GENDER, BIRTHDATE,ISMATURE,ATTRIBUTE,AGE) VALUES (52,'Freddie','Highmore','M',TO_DATE( '02/14/1992', 'MM-DD-YYYY' ),1,'Actor', GET_AGE(TO_DATE( '02/14/1992', 'MM-DD-YYYY')));
--IMDB_USER rows:12
INSERT INTO IMDBUser (IMDBID, EMAIL, FIRSTNAME, LASTNAME,GENDER, BIRTHDATE,BIRTHPLACE,AGE) VALUES (1,'john@yahoo.com','John','Smith','M',TO_DATE( '10/05/1995', 'MM-DD-YYYY' ),'FL', GET_AGE(TO_DATE( '10/05/1995', 'MM-DD-YYYY')));
INSERT INTO IMDBUser (IMDBID, EMAIL, FIRSTNAME, LASTNAME,GENDER, BIRTHDATE,BIRTHPLACE,AGE) VALUES (2,'juan@gmail.com','Juan','Carlos','M',TO_DATE( '04/12/1994', 'MM-DD-YYYY' ),'AK', GET_AGE(TO_DATE( '04/12/1994', 'MM-DD-YYYY')));
INSERT INTO IMDBUser (IMDBID, EMAIL, FIRSTNAME, LASTNAME,GENDER, BIRTHDATE,BIRTHPLACE,AGE) VALUES (3,'Jane@gmail.com','Jane','Chapel','F',TO_DATE( '11/02/1993', 'MM-DD-YYYY' ),'IL', GET_AGE(TO_DATE( '11/02/1993', 'MM-DD-YYYY')));
INSERT INTO IMDBUser (IMDBID, EMAIL, FIRSTNAME, LASTNAME,GENDER, BIRTHDATE,BIRTHPLACE,AGE) VALUES (4,'adi@yahoo.com','Aditya','Awasthi','M',TO_DATE( '12/12/1992', 'MM-DD-YYYY' ),'CA', GET_AGE(TO_DATE( '12/12/1992', 'MM-DD-YYYY')));
INSERT INTO IMDBUser (IMDBID, EMAIL, FIRSTNAME, LASTNAME,GENDER, BIRTHDATE,BIRTHPLACE,AGE) VALUES (5,'james@hotmail.com','James','Williams','M',TO_DATE( '05/05/1991', 'MM-DD-YYYY' ),'NY', GET_AGE(TO_DATE( '05/05/1991', 'MM-DD-YYYY')));
INSERT INTO IMDBUser (IMDBID, EMAIL, FIRSTNAME, LASTNAME,GENDER, BIRTHDATE,BIRTHPLACE,AGE) VALUES (6,'mike@yahoo.com','Mike','Brown','M',TO_DATE( '03/01/1988', 'MM-DD-YYYY' ),'NC', GET_AGE(TO_DATE( '03/01/1988', 'MM-DD-YYYY')));
INSERT INTO IMDBUser (IMDBID, EMAIL, FIRSTNAME, LASTNAME,GENDER, BIRTHDATE,BIRTHPLACE,AGE) VALUES (7,'bob@yahoo.com','Bob','Jones','M',TO_DATE( '02/07/1988', 'MM-DD-YYYY' ),'NY ', GET_AGE(TO_DATE( '02/07/1988', 'MM-DD-YYYY')));
INSERT INTO IMDBUser (IMDBID, EMAIL, FIRSTNAME, LASTNAME,GENDER, BIRTHDATE,BIRTHPLACE,AGE) VALUES (8,'wei@gmail.com','Wei','Zhang','F',TO_DATE( '08/12/1985', 'MM-DD-YYYY' ),'NV', GET_AGE(TO_DATE( '08/12/1985', 'MM-DD-YYYY')));
INSERT INTO IMDBUser (IMDBID, EMAIL, FIRSTNAME, LASTNAME,GENDER, BIRTHDATE,BIRTHPLACE,AGE) VALUES (9,'mark@gmail.com','Mark','Davis','M',TO_DATE( '05/10/1984', 'MM-DD-YYYY' ),'CA', GET_AGE(TO_DATE( '05/10/1984', 'MM-DD-YYYY')));
INSERT INTO IMDBUser (IMDBID, EMAIL, FIRSTNAME, LASTNAME,GENDER, BIRTHDATE,BIRTHPLACE,AGE) VALUES (10,'daniel@yahoo.com','Daniel','Garcia','M',TO_DATE( '06/01/1980', 'MM-DD-YYYY' ),'NJ', GET_AGE(TO_DATE( '06/01/1980', 'MM-DD-YYYY')));
INSERT INTO IMDBUser (IMDBID, EMAIL, FIRSTNAME, LASTNAME,GENDER, BIRTHDATE,BIRTHPLACE,AGE) VALUES (11,'maria@hotmail.com','Maria','Rodriguez','F',TO_DATE( '03/18/1975', 'MM-DD-YYYY' ),'CA', GET_AGE(TO_DATE( '03/18/1975', 'MM-DD-YYYY')));
INSERT INTO IMDBUser (IMDBID, EMAIL, FIRSTNAME, LASTNAME,GENDER, BIRTHDATE,BIRTHPLACE,AGE) VALUES (12,'freya@yahoo.com','Freya','Wilson','F',TO_DATE( '02/19/1970', 'MM-DD-YYYY' ),'NJ', GET_AGE(TO_DATE( '02/19/1970', 'MM-DD-YYYY')));
--ProductionCompany rows:10
INSERT INTO PRODUCTIONCOMPANY (NAME) VALUES ('company0');
INSERT INTO PRODUCTIONCOMPANY (NAME) VALUES ('company1');
INSERT INTO PRODUCTIONCOMPANY (NAME) VALUES ('company2');
INSERT INTO PRODUCTIONCOMPANY (NAME) VALUES ('company3');
INSERT INTO PRODUCTIONCOMPANY (NAME) VALUES ('company4');
INSERT INTO PRODUCTIONCOMPANY (NAME) VALUES ('company5');
INSERT INTO PRODUCTIONCOMPANY (NAME) VALUES ('company6');
INSERT INTO PRODUCTIONCOMPANY (NAME) VALUES ('company7');
INSERT INTO PRODUCTIONCOMPANY (NAME) VALUES ('company8');
INSERT INTO PRODUCTIONCOMPANY (NAME) VALUES ('company9');
--MOVIE rows:39
INSERT INTO Movie (SERIALNUMBER, TITLE, RELEASEDYEAR, DIRECTORID, PRODUCTIONCOST,PRODUCTIONCOMPANYNAME,CONSTRACTNUMBER) VALUES (1,'Scarface',1988,1,1180355920,'company9',3315135542);
INSERT INTO Movie (SERIALNUMBER, TITLE, RELEASEDYEAR, DIRECTORID, PRODUCTIONCOST,PRODUCTIONCOMPANYNAME,CONSTRACTNUMBER) VALUES (2,'Scent of a women',1995,2,5779812189,'company3',4367943775);
INSERT INTO Movie (SERIALNUMBER, TITLE, RELEASEDYEAR, DIRECTORID, PRODUCTIONCOST,PRODUCTIONCOMPANYNAME,CONSTRACTNUMBER) VALUES (3,'My big fat greek wedding',2000,4,1456911783,'company4',3075537627);
INSERT INTO Movie (SERIALNUMBER, TITLE, RELEASEDYEAR, DIRECTORID, PRODUCTIONCOST,PRODUCTIONCOMPANYNAME,CONSTRACTNUMBER) VALUES (4,'Star Wars: The Force Awakens',2015,21,1057465452,'company7',1225303366);
INSERT INTO Movie (SERIALNUMBER, TITLE, RELEASEDYEAR, DIRECTORID, PRODUCTIONCOST,PRODUCTIONCOMPANYNAME,CONSTRACTNUMBER) VALUES (5,'Mr. and Mrs Smith',1965,1,5240008307,'company5',2733288402);
INSERT INTO Movie (SERIALNUMBER, TITLE, RELEASEDYEAR, DIRECTORID, PRODUCTIONCOST,PRODUCTIONCOMPANYNAME,CONSTRACTNUMBER) VALUES (6,'Star Wars: Episode III - Revenge of the Sith ',2013,21,7266312333,'company6',3474455658);
INSERT INTO Movie (SERIALNUMBER, TITLE, RELEASEDYEAR, DIRECTORID, PRODUCTIONCOST,PRODUCTIONCOMPANYNAME,CONSTRACTNUMBER) VALUES (7,'Barely Lethal',2014,4,7792699263,'company2',3614703422);
INSERT INTO Movie (SERIALNUMBER, TITLE, RELEASEDYEAR, DIRECTORID, PRODUCTIONCOST,PRODUCTIONCOMPANYNAME,CONSTRACTNUMBER) VALUES (8,'The Man with one red shoe',1984,1,9543968199,'company8',4655950049);
INSERT INTO Movie (SERIALNUMBER, TITLE, RELEASEDYEAR, DIRECTORID, PRODUCTIONCOST,PRODUCTIONCOMPANYNAME,CONSTRACTNUMBER) VALUES (9,'The Polar Express',2010,2,3289447756,'company0',4950894216);
INSERT INTO Movie (SERIALNUMBER, TITLE, RELEASEDYEAR, DIRECTORID, PRODUCTIONCOST,PRODUCTIONCOMPANYNAME,CONSTRACTNUMBER) VALUES (10,'Her',2013,2,9224551424,'company8',7623321248);
INSERT INTO Movie (SERIALNUMBER, TITLE, RELEASEDYEAR, DIRECTORID, PRODUCTIONCOST,PRODUCTIONCOMPANYNAME,CONSTRACTNUMBER) VALUES (11,'Star Wars: Episode I - The Phantom Menace',1999,21,6089008090,'company1',4183259349);
INSERT INTO Movie (SERIALNUMBER, TITLE, RELEASEDYEAR, DIRECTORID, PRODUCTIONCOST,PRODUCTIONCOMPANYNAME,CONSTRACTNUMBER) VALUES (12,'The Da Vinci Code',2005,4,7296037322,'company0',8399506123);
INSERT INTO Movie (SERIALNUMBER, TITLE, RELEASEDYEAR, DIRECTORID, PRODUCTIONCOST,PRODUCTIONCOMPANYNAME,CONSTRACTNUMBER) VALUES (13,'The God Father part II',1975,1,3796351543,'company3',2965398557);
INSERT INTO Movie (SERIALNUMBER, TITLE, RELEASEDYEAR, DIRECTORID, PRODUCTIONCOST,PRODUCTIONCOMPANYNAME,CONSTRACTNUMBER) VALUES (15,'Angels and Daemons',2009,2,7095132025,'company9',1548874325);
INSERT INTO Movie (SERIALNUMBER, TITLE, RELEASEDYEAR, DIRECTORID, PRODUCTIONCOST,PRODUCTIONCOMPANYNAME,CONSTRACTNUMBER) VALUES (16,'The Island',2010,4,2725635814,'company5',9825304966);
INSERT INTO Movie (SERIALNUMBER, TITLE, RELEASEDYEAR, DIRECTORID, PRODUCTIONCOST,PRODUCTIONCOMPANYNAME,CONSTRACTNUMBER) VALUES (17,'Moonlight',2016,30,8924756190,'company3',4183058678);
INSERT INTO Movie (SERIALNUMBER, TITLE, RELEASEDYEAR, DIRECTORID, PRODUCTIONCOST,PRODUCTIONCOMPANYNAME,CONSTRACTNUMBER) VALUES (18,'Indiana Jones and the Kingdom of the Crystal Skull',2008,32,3231534920,'company6',1116534247);
INSERT INTO Movie (SERIALNUMBER, TITLE, RELEASEDYEAR, DIRECTORID, PRODUCTIONCOST,PRODUCTIONCOMPANYNAME,CONSTRACTNUMBER) VALUES (19,'Indiana Jones and the Last Crusade',1989,32,4033293790,'company7',2693866578);
INSERT INTO Movie (SERIALNUMBER, TITLE, RELEASEDYEAR, DIRECTORID, PRODUCTIONCOST,PRODUCTIONCOMPANYNAME,CONSTRACTNUMBER) VALUES (20,'Indiana Jones and the Temple of Doom',1984,32,9474454281,'company4',2313890495);
INSERT INTO Movie (SERIALNUMBER, TITLE, RELEASEDYEAR, DIRECTORID, PRODUCTIONCOST,PRODUCTIONCOMPANYNAME,CONSTRACTNUMBER) VALUES (21,'Star Wars: Episode II - Attack of the Clones',2002,21,191925037,'company4',2300780949);
INSERT INTO Movie (SERIALNUMBER, TITLE, RELEASEDYEAR, DIRECTORID, PRODUCTIONCOST,PRODUCTIONCOMPANYNAME,CONSTRACTNUMBER) VALUES (22,'The Terminal ',2004,32,4872875472,'company6',2057906960);
INSERT INTO Movie (SERIALNUMBER, TITLE, RELEASEDYEAR, DIRECTORID, PRODUCTIONCOST,PRODUCTIONCOMPANYNAME,CONSTRACTNUMBER) VALUES (23,'Catch me if you can ',2002,32,975286729,'company1',5330425429);
INSERT INTO Movie (SERIALNUMBER, TITLE, RELEASEDYEAR, DIRECTORID, PRODUCTIONCOST,PRODUCTIONCOMPANYNAME,CONSTRACTNUMBER) VALUES (24,'Minority Report ',2002,32,4295295626,'company5',8297233726);
INSERT INTO Movie (SERIALNUMBER, TITLE, RELEASEDYEAR, DIRECTORID, PRODUCTIONCOST,PRODUCTIONCOMPANYNAME,CONSTRACTNUMBER) VALUES (25,'Saving Private Ryan',1998,32,8528308280,'company1',1217628703);
INSERT INTO Movie (SERIALNUMBER, TITLE, RELEASEDYEAR, DIRECTORID, PRODUCTIONCOST,PRODUCTIONCOMPANYNAME,CONSTRACTNUMBER) VALUES (26,'Schindlerˋs List',1993,32,8544634167,'company1',3832255490);
INSERT INTO Movie (SERIALNUMBER, TITLE, RELEASEDYEAR, DIRECTORID, PRODUCTIONCOST,PRODUCTIONCOMPANYNAME,CONSTRACTNUMBER) VALUES (27,'Get To Know Your Rabbit',1972,1,3107917751,'company8',3437980971);
INSERT INTO Movie (SERIALNUMBER, TITLE, RELEASEDYEAR, DIRECTORID, PRODUCTIONCOST,PRODUCTIONCOMPANYNAME,CONSTRACTNUMBER) VALUES (28,'Lights Out ',2016,1,9958817565,'company8',2736171950);
INSERT INTO Movie (SERIALNUMBER, TITLE, RELEASEDYEAR, DIRECTORID, PRODUCTIONCOST,PRODUCTIONCOMPANYNAME,CONSTRACTNUMBER) VALUES (29,'Lucy',2014,4,4045957852,'company4',6765070928);
INSERT INTO Movie (SERIALNUMBER, TITLE, RELEASEDYEAR, DIRECTORID, PRODUCTIONCOST,PRODUCTIONCOMPANYNAME,CONSTRACTNUMBER) VALUES (30,'Arthur and the Invisibles ',2006,4,3962004314,'company7',9517021940);
INSERT INTO Movie (SERIALNUMBER, TITLE, RELEASEDYEAR, DIRECTORID, PRODUCTIONCOST,PRODUCTIONCOMPANYNAME,CONSTRACTNUMBER) VALUES (31,'The Big Blue',1988,4,5219210395,'company8',2270876504);
INSERT INTO Movie (SERIALNUMBER, TITLE, RELEASEDYEAR, DIRECTORID, PRODUCTIONCOST,PRODUCTIONCOMPANYNAME,CONSTRACTNUMBER) VALUES (32,'Wise Guys',1986,1,2379520459,'company7',3918886355);
INSERT INTO Movie (SERIALNUMBER, TITLE, RELEASEDYEAR, DIRECTORID, PRODUCTIONCOST,PRODUCTIONCOMPANYNAME,CONSTRACTNUMBER) VALUES (33,'The Black Dahlia',2006,1,8101031428,'company4',7444150457);
INSERT INTO Movie (SERIALNUMBER, TITLE, RELEASEDYEAR, DIRECTORID, PRODUCTIONCOST,PRODUCTIONCOMPANYNAME,CONSTRACTNUMBER) VALUES (34,'Mission: Impossible',1996,1,8231338551,'company6',2091689170);
INSERT INTO Movie (SERIALNUMBER, TITLE, RELEASEDYEAR, DIRECTORID, PRODUCTIONCOST,PRODUCTIONCOMPANYNAME,CONSTRACTNUMBER) VALUES (35,'Arthur and the Invisibles: The Making of the Yearˋs Greatest Adventure',2007,4,6786910316,'company8',9119989077);
INSERT INTO Movie (SERIALNUMBER, TITLE, RELEASEDYEAR, DIRECTORID, PRODUCTIONCOST,PRODUCTIONCOMPANYNAME,CONSTRACTNUMBER) VALUES (36,'Arthur 3: The War of the Two Worlds',2010,4,1874076006,'company1',1918961344);
INSERT INTO Movie (SERIALNUMBER, TITLE, RELEASEDYEAR, DIRECTORID, PRODUCTIONCOST,PRODUCTIONCOMPANYNAME,CONSTRACTNUMBER) VALUES (37,'Arthur and the Revenge of Maltazard ',2009,4,9077748853,'company0',9526665874);
INSERT INTO Movie (SERIALNUMBER, TITLE, RELEASEDYEAR, DIRECTORID, PRODUCTIONCOST,PRODUCTIONCOMPANYNAME,CONSTRACTNUMBER) VALUES (38,'The adventures of Tintin',2011,32,2933822367,'company9',7828785693);
INSERT INTO Movie (SERIALNUMBER, TITLE, RELEASEDYEAR, DIRECTORID, PRODUCTIONCOST,PRODUCTIONCOMPANYNAME,CONSTRACTNUMBER) VALUES (39,'War Horse',2011,32,563579442,'company4',8255977994);
INSERT INTO Movie (SERIALNUMBER, TITLE, RELEASEDYEAR, DIRECTORID, PRODUCTIONCOST,PRODUCTIONCOMPANYNAME,CONSTRACTNUMBER) VALUES (40,'Lincoln',2012,32,239701339,'company4',4362916498);
--Genre rows:50
INSERT INTO Genre (MOVIEID, Genre) VALUES (1,'ACTION');
INSERT INTO Genre (MOVIEID, Genre) VALUES (2,'ACTION');
INSERT INTO Genre (MOVIEID, Genre) VALUES (2,'COMEDY');
INSERT INTO Genre (MOVIEID, Genre) VALUES (3,'COMEDY');
INSERT INTO Genre (MOVIEID, Genre) VALUES (3,'DRAMA');
INSERT INTO Genre (MOVIEID, Genre) VALUES (4,'ACTION');
INSERT INTO Genre (MOVIEID, Genre) VALUES (5,'COMEDY');
INSERT INTO Genre (MOVIEID, Genre) VALUES (5,'ACTION');
INSERT INTO Genre (MOVIEID, Genre) VALUES (6,'ACTION');
INSERT INTO Genre (MOVIEID, Genre) VALUES (7,'ACTION');
INSERT INTO Genre (MOVIEID, Genre) VALUES (8,'COMEDY');
INSERT INTO Genre (MOVIEID, Genre) VALUES (9,'COMEDY');
INSERT INTO Genre (MOVIEID, Genre) VALUES (10,'DRAMA');
INSERT INTO Genre (MOVIEID, Genre) VALUES (11,'ACTION');
INSERT INTO Genre (MOVIEID, Genre) VALUES (12,'ACTION');
INSERT INTO Genre (MOVIEID, Genre) VALUES (12,'DRAMA');
INSERT INTO Genre (MOVIEID, Genre) VALUES (13,'ACTION');
INSERT INTO Genre (MOVIEID, Genre) VALUES (13,'DRAMA');
INSERT INTO Genre (MOVIEID, Genre) VALUES (15,'ACTION');
INSERT INTO Genre (MOVIEID, Genre) VALUES (15,'DRAMA');
INSERT INTO Genre (MOVIEID, Genre) VALUES (16,'ACTION');
INSERT INTO Genre (MOVIEID, Genre) VALUES (16,'COMEDY');
INSERT INTO Genre (MOVIEID, Genre) VALUES (17,'DRAMA');
INSERT INTO Genre (MOVIEID, Genre) VALUES (18,'ACTION');
INSERT INTO Genre (MOVIEID, Genre) VALUES (19,'ACTION');
INSERT INTO Genre (MOVIEID, Genre) VALUES (20,'ACTION');
INSERT INTO Genre (MOVIEID, Genre) VALUES (21,'ACTION');
INSERT INTO Genre (MOVIEID, Genre) VALUES (22,'COMEDY');
INSERT INTO Genre (MOVIEID, Genre) VALUES (23,'ACTION');
INSERT INTO Genre (MOVIEID, Genre) VALUES (24,'ACTION');
INSERT INTO Genre (MOVIEID, Genre) VALUES (25,'ACTION');
INSERT INTO Genre (MOVIEID, Genre) VALUES (26,'DRAMA');
INSERT INTO Genre (MOVIEID, Genre) VALUES (26,'ACTION');
INSERT INTO Genre (MOVIEID, Genre) VALUES (27,'COMEDY');
INSERT INTO Genre (MOVIEID, Genre) VALUES (27,'DRAMA');
INSERT INTO Genre (MOVIEID, Genre) VALUES (28,'DRAMA');
INSERT INTO Genre (MOVIEID, Genre) VALUES (29,'ACTION');
INSERT INTO Genre (MOVIEID, Genre) VALUES (30,'COMEDY');
INSERT INTO Genre (MOVIEID, Genre) VALUES (31,'DRAMA');
INSERT INTO Genre (MOVIEID, Genre) VALUES (32,'COMEDY');
INSERT INTO Genre (MOVIEID, Genre) VALUES (33,'DRAMA');
INSERT INTO Genre (MOVIEID, Genre) VALUES (34,'ACTION');
INSERT INTO Genre (MOVIEID, Genre) VALUES (35,'COMEDY');
INSERT INTO Genre (MOVIEID, Genre) VALUES (36,'COMEDY');
INSERT INTO Genre (MOVIEID, Genre) VALUES (37,'COMEDY');
INSERT INTO Genre (MOVIEID, Genre) VALUES (38,'DRAMA');
INSERT INTO Genre (MOVIEID, Genre) VALUES (38,'COMEDY');
INSERT INTO Genre (MOVIEID, Genre) VALUES (39,'DRAMA');
INSERT INTO Genre (MOVIEID, Genre) VALUES (39,'COMEDY');
INSERT INTO Genre (MOVIEID, Genre) VALUES (40,'DRAMA');
--RATING rows:121
INSERT INTO MovieRate (UserID, MovieID, Rate,Year) VALUES (1,1,1.0,2006);
INSERT INTO MovieRate (UserID, MovieID, Rate,Year) VALUES (1,2,4.5,2006);
INSERT INTO MovieRate (UserID, MovieID, Rate,Year) VALUES (1,3,4.0,2006);
INSERT INTO MovieRate (UserID, MovieID, Rate,Year) VALUES (1,4,2.0,2006);
INSERT INTO MovieRate (UserID, MovieID, Rate,Year) VALUES (1,5,4.0,2006);
INSERT INTO MovieRate (UserID, MovieID, Rate,Year) VALUES (1,6,4.5,2006);
INSERT INTO MovieRate (UserID, MovieID, Rate,Year) VALUES (1,7,3.5,2006);
INSERT INTO MovieRate (UserID, MovieID, Rate,Year) VALUES (1,8,5.0,2006);
INSERT INTO MovieRate (UserID, MovieID, Rate,Year) VALUES (1,9,3.5,2006);
INSERT INTO MovieRate (UserID, MovieID, Rate,Year) VALUES (1,10,2.0,2006);
INSERT INTO MovieRate (UserID, MovieID, Rate,Year) VALUES (1,11,4.0,2006);
INSERT INTO MovieRate (UserID, MovieID, Rate,Year) VALUES (1,12,3.0,2006);
INSERT INTO MovieRate (UserID, MovieID, Rate,Year) VALUES (1,13,4.5,2006);
INSERT INTO MovieRate (UserID, MovieID, Rate,Year) VALUES (1,15,0.5,2006);
INSERT INTO MovieRate (UserID, MovieID, Rate,Year) VALUES (1,16,4.5,2006);
INSERT INTO MovieRate (UserID, MovieID, Rate,Year) VALUES (1,17,4.0,2006);
INSERT INTO MovieRate (UserID, MovieID, Rate,Year) VALUES (1,18,3.5,2006);
INSERT INTO MovieRate (UserID, MovieID, Rate,Year) VALUES (1,19,4.5,2006);
INSERT INTO MovieRate (UserID, MovieID, Rate,Year) VALUES (1,20,4.0,2006);
INSERT INTO MovieRate (UserID, MovieID, Rate,Year) VALUES (1,21,2.5,2006);
INSERT INTO MovieRate (UserID, MovieID, Rate,Year) VALUES (2,1,4.0,2006);
INSERT INTO MovieRate (UserID, MovieID, Rate,Year) VALUES (2,2,4.0,2006);
INSERT INTO MovieRate (UserID, MovieID, Rate,Year) VALUES (2,3,4.0,2006);
INSERT INTO MovieRate (UserID, MovieID, Rate,Year) VALUES (2,4,4.5,2006);
INSERT INTO MovieRate (UserID, MovieID, Rate,Year) VALUES (2,5,2.5,2006);
INSERT INTO MovieRate (UserID, MovieID, Rate,Year) VALUES (2,6,2.0,2006);
INSERT INTO MovieRate (UserID, MovieID, Rate,Year) VALUES (2,7,1.5,2006);
INSERT INTO MovieRate (UserID, MovieID, Rate,Year) VALUES (2,8,4.0,2006);
INSERT INTO MovieRate (UserID, MovieID, Rate,Year) VALUES (2,9,4.0,2006);
INSERT INTO MovieRate (UserID, MovieID, Rate,Year) VALUES (2,10,4.5,2006);
INSERT INTO MovieRate (UserID, MovieID, Rate,Year) VALUES (2,11,3.0,2006);
INSERT INTO MovieRate (UserID, MovieID, Rate,Year) VALUES (2,12,3.0,2006);
INSERT INTO MovieRate (UserID, MovieID, Rate,Year) VALUES (2,13,4.5,2006);
INSERT INTO MovieRate (UserID, MovieID, Rate,Year) VALUES (3,15,3.5,2006);
INSERT INTO MovieRate (UserID, MovieID, Rate,Year) VALUES (3,16,4.5,2006);
INSERT INTO MovieRate (UserID, MovieID, Rate,Year) VALUES (3,17,1.5,2006);
INSERT INTO MovieRate (UserID, MovieID, Rate,Year) VALUES (3,18,3.0,2006);
INSERT INTO MovieRate (UserID, MovieID, Rate,Year) VALUES (3,19,3.0,2006);
INSERT INTO MovieRate (UserID, MovieID, Rate,Year) VALUES (3,20,3.5,2006);
INSERT INTO MovieRate (UserID, MovieID, Rate,Year) VALUES (3,21,3.5,2006);
INSERT INTO MovieRate (UserID, MovieID, Rate,Year) VALUES (3,1,3.0,2006);
INSERT INTO MovieRate (UserID, MovieID, Rate,Year) VALUES (3,2,2.5,2006);
INSERT INTO MovieRate (UserID, MovieID, Rate,Year) VALUES (3,3,3.5,2006);
INSERT INTO MovieRate (UserID, MovieID, Rate,Year) VALUES (3,4,4.0,2006);
INSERT INTO MovieRate (UserID, MovieID, Rate,Year) VALUES (3,5,0.5,2006);
INSERT INTO MovieRate (UserID, MovieID, Rate,Year) VALUES (3,6,4.0,2006);
INSERT INTO MovieRate (UserID, MovieID, Rate,Year) VALUES (3,7,3.5,2006);
INSERT INTO MovieRate (UserID, MovieID, Rate,Year) VALUES (3,8,4.5,2006);
INSERT INTO MovieRate (UserID, MovieID, Rate,Year) VALUES (4,9,3.5,2006);
INSERT INTO MovieRate (UserID, MovieID, Rate,Year) VALUES (4,10,4.5,2006);
INSERT INTO MovieRate (UserID, MovieID, Rate,Year) VALUES (4,11,5.0,2006);
INSERT INTO MovieRate (UserID, MovieID, Rate,Year) VALUES (5,12,3.0,2005);
INSERT INTO MovieRate (UserID, MovieID, Rate,Year) VALUES (5,13,4.0,2005);
INSERT INTO MovieRate (UserID, MovieID, Rate,Year) VALUES (5,15,5.0,2005);
INSERT INTO MovieRate (UserID, MovieID, Rate,Year) VALUES (5,16,4.0,2005);
INSERT INTO MovieRate (UserID, MovieID, Rate,Year) VALUES (5,17,3.0,2007);
INSERT INTO MovieRate (UserID, MovieID, Rate,Year) VALUES (6,18,3.5,2005);
INSERT INTO MovieRate (UserID, MovieID, Rate,Year) VALUES (6,19,3.5,2005);
INSERT INTO MovieRate (UserID, MovieID, Rate,Year) VALUES (6,20,5.0,2005);
INSERT INTO MovieRate (UserID, MovieID, Rate,Year) VALUES (6,21,5.0,2007);
INSERT INTO MovieRate (UserID, MovieID, Rate,Year) VALUES (6,22,3.5,2005);
INSERT INTO MovieRate (UserID, MovieID, Rate,Year) VALUES (6,23,3.0,2006);
INSERT INTO MovieRate (UserID, MovieID, Rate,Year) VALUES (7,24,4.0,2005);
INSERT INTO MovieRate (UserID, MovieID, Rate,Year) VALUES (7,25,3.0,2005);
INSERT INTO MovieRate (UserID, MovieID, Rate,Year) VALUES (7,26,4.0,2006);
INSERT INTO MovieRate (UserID, MovieID, Rate,Year) VALUES (7,27,5.0,2005);
INSERT INTO MovieRate (UserID, MovieID, Rate,Year) VALUES (7,28,5.0,2005);
INSERT INTO MovieRate (UserID, MovieID, Rate,Year) VALUES (7,29,4.0,2005);
INSERT INTO MovieRate (UserID, MovieID, Rate,Year) VALUES (7,30,1.0,2007);
INSERT INTO MovieRate (UserID, MovieID, Rate,Year) VALUES (7,31,5.0,2005);
INSERT INTO MovieRate (UserID, MovieID, Rate,Year) VALUES (7,32,5.0,2005);
INSERT INTO MovieRate (UserID, MovieID, Rate,Year) VALUES (8,33,5.0,2007);
INSERT INTO MovieRate (UserID, MovieID, Rate,Year) VALUES (8,34,5.0,2007);
INSERT INTO MovieRate (UserID, MovieID, Rate,Year) VALUES (8,35,5.0,2007);
INSERT INTO MovieRate (UserID, MovieID, Rate,Year) VALUES (8,36,3.5,2005);
INSERT INTO MovieRate (UserID, MovieID, Rate,Year) VALUES (8,37,5.0,2005);
INSERT INTO MovieRate (UserID, MovieID, Rate,Year) VALUES (8,38,5.0,2005);
INSERT INTO MovieRate (UserID, MovieID, Rate,Year) VALUES (8,39,4.0,2005);
INSERT INTO MovieRate (UserID, MovieID, Rate,Year) VALUES (8,40,5.0,2005);
INSERT INTO MovieRate (UserID, MovieID, Rate,Year) VALUES (8,12,5.0,2005);
INSERT INTO MovieRate (UserID, MovieID, Rate,Year) VALUES (9,13,3.0,2005);
INSERT INTO MovieRate (UserID, MovieID, Rate,Year) VALUES (9,15,3.5,2005);
INSERT INTO MovieRate (UserID, MovieID, Rate,Year) VALUES (9,16,5.0,2006);
INSERT INTO MovieRate (UserID, MovieID, Rate,Year) VALUES (9,17,0.5,2005);
INSERT INTO MovieRate (UserID, MovieID, Rate,Year) VALUES (9,18,4.0,2005);
INSERT INTO MovieRate (UserID, MovieID, Rate,Year) VALUES (9,19,4.0,2005);
INSERT INTO MovieRate (UserID, MovieID, Rate,Year) VALUES (9,20,4.0,2005);
INSERT INTO MovieRate (UserID, MovieID, Rate,Year) VALUES (9,21,3.0,2005);
INSERT INTO MovieRate (UserID, MovieID, Rate,Year) VALUES (9,22,5.0,2006);
INSERT INTO MovieRate (UserID, MovieID, Rate,Year) VALUES (9,23,5.0,2005);
INSERT INTO MovieRate (UserID, MovieID, Rate,Year) VALUES (9,24,4.0,2005);
INSERT INTO MovieRate (UserID, MovieID, Rate,Year) VALUES (10,25,5.0,2005);
INSERT INTO MovieRate (UserID, MovieID, Rate,Year) VALUES (10,26,0.5,2005);
INSERT INTO MovieRate (UserID, MovieID, Rate,Year) VALUES (10,27,5.0,2005);
INSERT INTO MovieRate (UserID, MovieID, Rate,Year) VALUES (10,28,3.5,2005);
INSERT INTO MovieRate (UserID, MovieID, Rate,Year) VALUES (10,29,3.5,2005);
INSERT INTO MovieRate (UserID, MovieID, Rate,Year) VALUES (10,30,4.0,2005);
INSERT INTO MovieRate (UserID, MovieID, Rate,Year) VALUES (10,31,5.0,2007);
INSERT INTO MovieRate (UserID, MovieID, Rate,Year) VALUES (10,32,4.0,2005);
INSERT INTO MovieRate (UserID, MovieID, Rate,Year) VALUES (10,33,5.0,2007);
INSERT INTO MovieRate (UserID, MovieID, Rate,Year) VALUES (10,34,2.5,2005);
INSERT INTO MovieRate (UserID, MovieID, Rate,Year) VALUES (10,35,4.0,2005);
INSERT INTO MovieRate (UserID, MovieID, Rate,Year) VALUES (10,36,5.0,2005);
INSERT INTO MovieRate (UserID, MovieID, Rate,Year) VALUES (10,37,3.0,2005);
INSERT INTO MovieRate (UserID, MovieID, Rate,Year) VALUES (10,38,3.5,2005);
INSERT INTO MovieRate (UserID, MovieID, Rate,Year) VALUES (10,39,3.5,2005);
INSERT INTO MovieRate (UserID, MovieID, Rate,Year) VALUES (10,40,2.0,2006);
INSERT INTO MovieRate (UserID, MovieID, Rate,Year) VALUES (10,12,5.0,2005);
INSERT INTO MovieRate (UserID, MovieID, Rate,Year) VALUES (10,13,5.0,2005);
INSERT INTO MovieRate (UserID, MovieID, Rate,Year) VALUES (10,15,3.5,2005);
INSERT INTO MovieRate (UserID, MovieID, Rate,Year) VALUES (10,16,5.0,2005);
INSERT INTO MovieRate (UserID, MovieID, Rate,Year) VALUES (10,17,5.0,2005);
INSERT INTO MovieRate (UserID, MovieID, Rate,Year) VALUES (10,18,1.0,2006);
INSERT INTO MovieRate (UserID, MovieID, Rate,Year) VALUES (10,19,5.0,2005);
INSERT INTO MovieRate (UserID, MovieID, Rate,Year) VALUES (10,20,5.0,2007);
INSERT INTO MovieRate (UserID, MovieID, Rate,Year) VALUES (11,21,5.0,2006);
INSERT INTO MovieRate (UserID, MovieID, Rate,Year) VALUES (11,22,5.0,2005);
INSERT INTO MovieRate (UserID, MovieID, Rate,Year) VALUES (11,23,4.0,2005);
INSERT INTO MovieRate (UserID, MovieID, Rate,Year) VALUES (11,24,5.0,2006);
INSERT INTO MovieRate (UserID, MovieID, Rate,Year) VALUES (11,25,4.0,2005);
INSERT INTO MovieRate (UserID, MovieID, Rate,Year) VALUES (12,40,1.0,2005);
--ROLE rows:88
INSERT INTO MovieActor (MOVIEID, ActorID, Role) VALUES (1,5,'Jessica');
INSERT INTO MovieActor (MOVIEID, ActorID, Role) VALUES (1,6,'robert');
INSERT INTO MovieActor (MOVIEID, ActorID, Role) VALUES (2,5,'John');
INSERT INTO MovieActor (MOVIEID, ActorID, Role) VALUES (2,6,'Mark');
INSERT INTO MovieActor (MOVIEID, ActorID, Role) VALUES (3,9,'Alex');
INSERT INTO MovieActor (MOVIEID, ActorID, Role) VALUES (3,7,'Julie');
INSERT INTO MovieActor (MOVIEID, ActorID, Role) VALUES (4,27,'Rey');
INSERT INTO MovieActor (MOVIEID, ActorID, Role) VALUES (4,28,'Finn ');
INSERT INTO MovieActor (MOVIEID, ActorID, Role) VALUES (4,29,'Poe');
INSERT INTO MovieActor (MOVIEID, ActorID, Role) VALUES (5,7,'Jennifer');
INSERT INTO MovieActor (MOVIEID, ActorID, Role) VALUES (5,8,'Tom');
INSERT INTO MovieActor (MOVIEID, ActorID, Role) VALUES (5,5,'Milo');
INSERT INTO MovieActor (MOVIEID, ActorID, Role) VALUES (6,23,'Anakin Skywalker');
INSERT INTO MovieActor (MOVIEID, ActorID, Role) VALUES (6,25,'Padme');
INSERT INTO MovieActor (MOVIEID, ActorID, Role) VALUES (6,22,'Obi-Wan Kenobi');
INSERT INTO MovieActor (MOVIEID, ActorID, Role) VALUES (7,10,'Jane');
INSERT INTO MovieActor (MOVIEID, ActorID, Role) VALUES (7,5,'Brad');
INSERT INTO MovieActor (MOVIEID, ActorID, Role) VALUES (8,9,'Lucas');
INSERT INTO MovieActor (MOVIEID, ActorID, Role) VALUES (8,10,'Juanita');
INSERT INTO MovieActor (MOVIEID, ActorID, Role) VALUES (9,9,'Clayne');
INSERT INTO MovieActor (MOVIEID, ActorID, Role) VALUES (9,9,'Jane');
INSERT INTO MovieActor (MOVIEID, ActorID, Role) VALUES (9,9,'Brad');
INSERT INTO MovieActor (MOVIEID, ActorID, Role) VALUES (9,9,'Lucas');
INSERT INTO MovieActor (MOVIEID, ActorID, Role) VALUES (9,9,'Bradley');
INSERT INTO MovieActor (MOVIEID, ActorID, Role) VALUES (9,9,'Justin');
INSERT INTO MovieActor (MOVIEID, ActorID, Role) VALUES (9,17,'Martin');
INSERT INTO MovieActor (MOVIEID, ActorID, Role) VALUES (9,19,'Mike');
INSERT INTO MovieActor (MOVIEID, ActorID, Role) VALUES (10,3,'Travis');
INSERT INTO MovieActor (MOVIEID, ActorID, Role) VALUES (10,5,'Alexander');
INSERT INTO MovieActor (MOVIEID, ActorID, Role) VALUES (10,6,'Justin');
INSERT INTO MovieActor (MOVIEID, ActorID, Role) VALUES (11,22,'Obi-Wan Kenobi');
INSERT INTO MovieActor (MOVIEID, ActorID, Role) VALUES (11,24,'Qui-Gon Jinn');
INSERT INTO MovieActor (MOVIEID, ActorID, Role) VALUES (11,25,'Padme');
INSERT INTO MovieActor (MOVIEID, ActorID, Role) VALUES (12,9,'Gatek');
INSERT INTO MovieActor (MOVIEID, ActorID, Role) VALUES (12,10,'Rose');
INSERT INTO MovieActor (MOVIEID, ActorID, Role) VALUES (12,3,'maria');
INSERT INTO MovieActor (MOVIEID, ActorID, Role) VALUES (13,5,'Travis');
INSERT INTO MovieActor (MOVIEID, ActorID, Role) VALUES (13,6,'Alexander');
INSERT INTO MovieActor (MOVIEID, ActorID, Role) VALUES (13,16,'Pearl');
INSERT INTO MovieActor (MOVIEID, ActorID, Role) VALUES (15,12,'Sofia');
INSERT INTO MovieActor (MOVIEID, ActorID, Role) VALUES (15,18,'chrissy');
INSERT INTO MovieActor (MOVIEID, ActorID, Role) VALUES (15,9,'Mike');
INSERT INTO MovieActor (MOVIEID, ActorID, Role) VALUES (16,10,'Martin');
INSERT INTO MovieActor (MOVIEID, ActorID, Role) VALUES (16,15,'Bill');
INSERT INTO MovieActor (MOVIEID, ActorID, Role) VALUES (16,16,'Emilia');
INSERT INTO MovieActor (MOVIEID, ActorID, Role) VALUES (17,31,'Juan');
INSERT INTO MovieActor (MOVIEID, ActorID, Role) VALUES (18,33,'Irina');
INSERT INTO MovieActor (MOVIEID, ActorID, Role) VALUES (18,34,'Indiana Jones ');
INSERT INTO MovieActor (MOVIEID, ActorID, Role) VALUES (19,34,'Indiana Jones ');
INSERT INTO MovieActor (MOVIEID, ActorID, Role) VALUES (19,35,'Henry');
INSERT INTO MovieActor (MOVIEID, ActorID, Role) VALUES (20,34,'Indiana Jones ');
INSERT INTO MovieActor (MOVIEID, ActorID, Role) VALUES (20,36,'Willie');
INSERT INTO MovieActor (MOVIEID, ActorID, Role) VALUES (21,23,'Anakin Skywalker');
INSERT INTO MovieActor (MOVIEID, ActorID, Role) VALUES (21,25,'Padme');
INSERT INTO MovieActor (MOVIEID, ActorID, Role) VALUES (21,22,'Obi-Wan Kenobi');
INSERT INTO MovieActor (MOVIEID, ActorID, Role) VALUES (22,9,'Viktor ');
INSERT INTO MovieActor (MOVIEID, ActorID, Role) VALUES (22,11,'Amelia');
INSERT INTO MovieActor (MOVIEID, ActorID, Role) VALUES (23,9,'Carl');
INSERT INTO MovieActor (MOVIEID, ActorID, Role) VALUES (23,13,'Frank');
INSERT INTO MovieActor (MOVIEID, ActorID, Role) VALUES (24,14,'John');
INSERT INTO MovieActor (MOVIEID, ActorID, Role) VALUES (24,20,'Agatha');
INSERT INTO MovieActor (MOVIEID, ActorID, Role) VALUES (25,9,'Captain Miller');
INSERT INTO MovieActor (MOVIEID, ActorID, Role) VALUES (25,17,'Private Ryan');
INSERT INTO MovieActor (MOVIEID, ActorID, Role) VALUES (26,24,'Oskar');
INSERT INTO MovieActor (MOVIEID, ActorID, Role) VALUES (26,37,'Amon');
INSERT INTO MovieActor (MOVIEID, ActorID, Role) VALUES (27,47,'Donald Beeman');
INSERT INTO MovieActor (MOVIEID, ActorID, Role) VALUES (27,48,'Mr. Turnbull');
INSERT INTO MovieActor (MOVIEID, ActorID, Role) VALUES (28,38,'Rebecca');
INSERT INTO MovieActor (MOVIEID, ActorID, Role) VALUES (28,39,'Martin');
INSERT INTO MovieActor (MOVIEID, ActorID, Role) VALUES (29,3,'Lucy');
INSERT INTO MovieActor (MOVIEID, ActorID, Role) VALUES (29,5,'Professor Norman');
INSERT INTO MovieActor (MOVIEID, ActorID, Role) VALUES (30,51,'Granny');
INSERT INTO MovieActor (MOVIEID, ActorID, Role) VALUES (30,52,'Arthur');
INSERT INTO MovieActor (MOVIEID, ActorID, Role) VALUES (31,5,'Broddy');
INSERT INTO MovieActor (MOVIEID, ActorID, Role) VALUES (31,6,'Quint');
INSERT INTO MovieActor (MOVIEID, ActorID, Role) VALUES (32,49,'Harry');
INSERT INTO MovieActor (MOVIEID, ActorID, Role) VALUES (32,50,'Moe');
INSERT INTO MovieActor (MOVIEID, ActorID, Role) VALUES (33,3,'Kay');
INSERT INTO MovieActor (MOVIEID, ActorID, Role) VALUES (34,14,'Ethan Hunt');
INSERT INTO MovieActor (MOVIEID, ActorID, Role) VALUES (35,51,'Granny');
INSERT INTO MovieActor (MOVIEID, ActorID, Role) VALUES (35,52,'Arthur');
INSERT INTO MovieActor (MOVIEID, ActorID, Role) VALUES (36,51,'Granny');
INSERT INTO MovieActor (MOVIEID, ActorID, Role) VALUES (37,52,'Arthur');
INSERT INTO MovieActor (MOVIEID, ActorID, Role) VALUES (38,44,'Captain haddock');
INSERT INTO MovieActor (MOVIEID, ActorID, Role) VALUES (38,43,'Tintin');
INSERT INTO MovieActor (MOVIEID, ActorID, Role) VALUES (39,42,'Rose');
INSERT INTO MovieActor (MOVIEID, ActorID, Role) VALUES (39,41,'Albert');
INSERT INTO MovieActor (MOVIEID, ActorID, Role) VALUES (40,40,'Abraham Lincoln');
